Date,Y,Trade1,Trade2,Trade3,Trade4,Trade5,Trade6,Trade7,Trade8,Trade9,Trade10,Cross1,Cross2,Cross3,Cross4,Cross5,Cross6,Cross7,Cross8,Cross9,Cross10,Cross11,Cross12,Cross13,Macro1,Macro2,Macro3,Macro4,Macro5,Macro6,Macro7,NY,SB,MD,LD,ID,Seasonal
1/8/2006,69290547.23,25583.11756,0.139192984,0.312677044,0.07984312,0.115532217,2.160660625,0.836685921,0.997315183,0.882062884,0.97965928,2.582701442,2.529572897,3.194285599,17450.37114,10539.67026,1659.791843,0.201994714,0.152904686,0.029109278,0.145691675,0.288649445,0.130132621,0.285376778,5.150395408,230.692323,192.2492693,3.675579738,2040.640234,9452.47834,12840.34048,1,0,0,0,0,2255976.021
1/15/2006,72124950.61,25877.12587,0.163935462,0.292468143,0.089902442,0.105459076,2.148360593,0.852448668,0.997441471,0.880294473,0.974122149,2.598595473,2.506591556,3.195265553,17624.83369,10525.94889,1730.425381,0.196883512,0.142556665,0.042575384,0.135489008,0.2723407,0.106909903,0.275307085,5.150428559,229.8755268,192.3437404,3.669912802,2041.664286,9469.079477,12856.82477,0,0,0,0,0,-2716748.925
1/22/2006,71741786.23,25991.02384,0.163526054,0.288932841,0.096047207,0.113815429,2.13582249,0.888676851,0.995531926,0.919235604,0.974225721,2.581185056,2.506036073,3.174642913,17600.26876,10461.82555,1747.355735,0.18687112,0.141381806,0.041405736,0.146444177,0.269780661,0.125325842,0.269006452,5.150439808,229.5518218,192.4206435,3.660878045,2042.751735,9485.469616,12872.95271,0,0,0,0,0,-2154798.685
1/29/2006,72445099.27,25960.83391,0.176542857,0.285806946,0.109948628,0.099431472,2.143828382,0.882506002,0.99662956,0.903429727,0.9709036,2.595741316,2.500511099,3.23875717,17561.78544,10412.38438,1746.971449,0.186576123,0.174552763,0.097478196,0.139089362,0.255783648,0.112187183,0.280139347,5.150424575,229.7814511,192.4778868,3.648810483,2043.910228,9501.407044,12888.43189,0,0,0,0,0,-3043353.389
2/5/2006,90232187.4,26509.74622,0.290297519,0.225345734,0.138562953,0.085413633,2.237019076,0.940673385,0.9961873,0.945666403,0.973898375,2.612050927,2.628558769,3.23350501,18082.33002,11334.76856,1774.09166,0.17421135,0.135708701,0.052352667,0.100409295,0.183264676,0.108704651,0.235971642,5.150378281,230.6246581,192.5133905,3.634045224,2045.147371,9516.651383,12902.97148,0,1,0,0,0,14350617.09
2/12/2006,76731436.62,26436.09148,0.119648465,0.32477308,0.075361729,0.125100617,2.165302879,0.827431107,0.997513072,0.880263941,0.984953887,2.610655889,2.54966687,3.161899297,17800.22848,10893.33584,1771.573879,0.212388129,0.169256904,0.025959583,0.148021467,0.290513531,0.086598505,0.289147327,5.15029634,232.1416859,192.5250666,3.616917284,2046.470812,9530.960921,12916.27907,0,0,0,0,0,355810.9298
2/19/2006,69989629.88,26112.76929,0.143588276,0.295670211,0.074822724,0.105247698,2.134634587,0.847329307,0.996362966,0.889558564,0.980824742,2.583852138,2.530468578,3.11059786,17357.877,10228.56155,1750.642946,0.189274121,0.114661768,0.056422078,0.117026154,0.254036208,0.085379702,0.262511284,5.150174358,234.3909785,192.5109052,3.597761887,2047.888234,9544.09863,12928.06809,0,0,0,0,0,-5545431.94
2/26/2006,70116827.28,26372.97973,0.145843036,0.292077208,0.074517812,0.101910299,2.118091535,0.864130271,0.997163835,0.878453065,0.983535132,2.579228043,2.552258256,3.184027994,17386.48124,10206.38764,1778.077339,0.192101658,0.115014025,0.032455557,0.122882539,0.247248346,0.077100959,0.262674419,5.150013262,237.3802786,192.4710663,3.576917379,2049.409561,9555.923586,12938.17354,0,0,0,0,0,-5327007.786
3/5/2006,73107024.46,26719.19501,0.126898262,0.301449817,0.077177864,0.107190466,2.101329093,0.845914044,0.997262217,0.88412589,0.981336268,2.588072035,2.566343443,3.142816872,17587.12142,10220.51899,1800.851215,0.189815209,0.114022292,0.026665382,0.135368165,0.244562482,0.079513734,0.257041419,5.149823879,241.0226373,192.4097272,3.55472821,2051.048813,9566.475338,12946.6586,0,0,0,0,0,-3571661.153
3/12/2006,73975536.51,26815.18662,0.151918958,0.278878032,0.088385762,0.098165093,2.112414486,0.872346358,0.993205171,0.923347788,0.983874602,2.596424457,2.609132417,3.139612069,17608.56753,10238.42303,1798.219233,0.173506128,0.114455666,0.036073131,0.132387461,0.225705499,0.100558398,0.24145137,5.149618994,245.2124473,192.3318887,3.531539918,2052.820851,9575.829423,12953.632,0,0,0,0,0,-1130943.508
3/19/2006,73695717.62,27070.54023,0.1374116,0.293726854,0.084829251,0.108867541,2.128370176,0.870839768,0.996097498,0.922026519,0.984860249,2.606528759,2.593325987,3.1739889,17595.2792,10278.20573,1793.849002,0.181928073,0.112370122,0.037430853,0.137205783,0.235593494,0.116418708,0.244111297,5.149411395,249.8440552,192.242526,3.50769814,2054.74048,9584.061083,12959.20201,0,0,0,0,0,-1488601.569
3/26/2006,72787423.44,27038.5484,0.133871102,0.300660541,0.078001884,0.11262638,2.134793566,0.849453806,0.996337921,0.896516109,0.980812335,2.587387023,2.590629991,3.240867335,17470.10412,10162.06211,1800.362558,0.176302878,0.129240117,0.052921145,0.139028105,0.232935504,0.114153517,0.245455093,5.149213912,254.8118075,192.1466418,3.483548418,2056.822586,9591.24598,12963.47755,0,0,0,0,0,-2377720.361
4/2/2006,73816180.78,27090.6762,0.142405914,0.2880292,0.07898907,0.108758044,2.137770365,0.837958545,0.996518469,0.887271532,0.979362409,2.598592728,2.590350319,3.142010963,17513.21287,10086.52502,1790.018196,0.181688194,0.145179447,0.03316009,0.144792309,0.225371504,0.106577721,0.255753125,5.149039276,260.0100508,192.0492111,3.459436388,2059.081973,9597.459356,12966.56689,0,0,0,0,0,-4109549.906
4/9/2006,76931864.63,27315.9394,0.14730735,0.287774016,0.08543187,0.103188407,2.131038097,0.853489066,0.997079549,0.890450008,0.983071843,2.601116438,2.62427413,3.138083297,17824.91234,10265.95028,1808.608992,0.181052655,0.142227193,0.019526658,0.140374666,0.228027091,0.098044051,0.252599699,5.148900347,265.3331319,191.9552285,3.435707591,2061.533527,9602.776874,12968.57894,0,0,0,0,0,1669913.55
4/16/2006,77957973.18,27256.93444,0.161119884,0.283427166,0.070313564,0.100496475,2.162502319,0.833199967,0.997245527,0.856305749,0.985177815,2.59727719,2.647629756,3.068073567,17821.97541,10450.57076,1774.07864,0.173626676,0.119398729,0.012218713,0.104737743,0.180962704,0.101076562,0.224740883,5.148809855,270.6753971,191.86968,3.412707665,2064.192054,9607.273776,12969.62198,0,0,0,0,0,655425.5607
4/23/2006,70566559.21,26929.24081,0.123071392,0.309764377,0.067377816,0.111843943,2.115636997,0.812267904,0.996284333,0.863430491,0.982777776,2.613915847,2.597925161,3.118171819,17243.56109,10015.47394,1768.114492,0.190334241,0.119188836,0.019339601,0.1380785,0.24411491,0.11949576,0.248427577,5.148780659,275.9311932,191.7975602,3.390782151,2067.072414,9611.025598,12969.80474,0,0,0,0,0,-2941403.441
4/30/2006,75663694.02,27267.35359,0.124220454,0.301783004,0.078742537,0.117074164,2.11542302,0.85228956,0.995759999,0.905178143,0.981941196,2.615819371,2.549768496,3.161510134,17598.43451,10242.04704,1798.296446,0.17435342,0.132438968,0.018843648,0.141427176,0.225221146,0.122105666,0.239877233,5.148825492,280.9948668,191.7438442,3.370276686,2070.189444,9614.107751,12969.23574,0,0,0,0,0,-1739850.873
5/7/2006,81708077.86,27594.5332,0.158313971,0.28519754,0.078813058,0.115666341,2.138733333,0.882097259,0.995510588,0.904047607,0.980942844,2.647106801,2.59841874,3.093362586,17839.3439,10715.6924,1809.061921,0.179719265,0.150430998,0.035484503,0.138352232,0.217760437,0.133230495,0.247109752,5.148957183,285.7607643,191.7135346,3.351536811,2073.558007,9616.59577,12968.02369,0,0,0,0,0,3606213.225
5/14/2006,79535800.5,27503.95463,0.134442526,0.30247154,0.069142814,0.115036428,2.141865258,0.840877435,0.996803761,0.888355283,0.982611152,2.624922492,2.5780755,3.129154361,17792.92698,10474.32016,1781.862962,0.188580581,0.166336886,0.027658403,0.150753903,0.235510346,0.134479972,0.217000362,5.14918852,290.1232325,191.7116066,3.334908162,2077.192906,9618.564898,12966.27689,0,0,0,0,0,2941187.721
5/21/2006,79807645.48,27445.97688,0.152639613,0.293037929,0.086290667,0.11827032,2.162017918,0.86953903,0.996318017,0.915306424,0.982345521,2.62084008,2.586056367,3.156797617,17597.51052,10308.09221,1759.664786,0.194749719,0.152535996,0.032445148,0.153313825,0.213685875,0.129856376,0.238066532,5.149531514,293.9783165,191.7429063,3.320726754,2081.107334,9620.091724,12964.10474,0,0,1,0,0,2620705.779
5/28/2006,93752983.17,27616.00096,0.239791881,0.2576129,0.101354418,0.103850554,2.214371535,0.916871402,0.99128057,0.931766705,0.978501482,2.590383208,2.699806998,3.261973827,17654.4505,10660.42017,1736.134631,0.187550245,0.151819835,0.01739627,0.118566296,0.170984864,0.121212238,0.223831812,5.149981844,297.2588868,191.808912,3.309121596,2085.278231,9621.272217,12961.62662,0,0,1,0,0,13573799.07
6/4/2006,82393077.23,27361.55059,0.141275801,0.321745542,0.078559463,0.125662954,2.178636144,0.840916988,0.99718429,0.895727052,0.981204717,2.617816424,2.645857813,3.215908111,17468.15781,10495.18034,1729.205413,0.189365396,0.154710171,0.037731826,0.146852949,0.241723497,0.11700976,0.24434862,5.150508879,299.9566013,191.9057631,3.299891311,2089.624296,9622.234689,12958.97966,0,0,0,0,0,3368305.705
6/11/2006,80942488.66,27514.39213,0.149777769,0.299526392,0.084008154,0.108424719,2.160327906,0.856893608,0.997259429,0.899834196,0.976769951,2.617145234,2.598722533,3.201556175,17561.1128,10397.32959,1756.254445,0.193936345,0.134451358,0.030559708,0.147759519,0.231715449,0.09505686,0.245735073,5.151077765,302.0727608,192.0287235,3.292780217,2094.055162,9623.111952,12956.30299,0,0,0,0,0,4170845.156
6/18/2006,81109276.28,27423.96404,0.171742988,0.280522296,0.094105444,0.105627295,2.182165431,0.868087563,0.997128967,0.908070852,0.974957455,2.613728348,2.608079986,3.198986453,17440.66045,10406.39133,1735.574981,0.18927176,0.122335029,0.025475487,0.135021342,0.228742429,0.095158602,0.239276897,5.151653596,303.6086753,192.1730488,3.28753266,2098.48011,9624.037333,12953.73629,0,0,0,0,0,4530928.627
6/25/2006,79905827.53,27321.17748,0.162976661,0.290156664,0.098429827,0.107697147,2.188267358,0.844941611,0.996632367,0.903932416,0.975487286,2.605383631,2.586256124,3.253188849,17377.88543,10313.66762,1721.640124,0.183018839,0.137467616,0.033968399,0.138477764,0.217774414,0.094131071,0.228454138,5.152201505,304.565655,192.3340127,3.283892915,2102.808574,9625.143938,12951.41902,0,0,0,0,0,2117155.452
7/2/2006,94743472.27,27586.53384,0.248563153,0.255101547,0.106308623,0.101230352,2.246902808,0.922865031,0.996224576,0.941074011,0.974889179,2.598582723,2.653057117,3.270211926,17658.33175,10717.01033,1713.485064,0.172799477,0.143958864,0.033429212,0.118648083,0.174719863,0.102764462,0.228982094,5.152686623,304.9450098,192.506863,3.281605329,2106.949834,9626.565095,12949.49087,0,0,0,0,0,8282527.768
7/9/2006,86695905.04,27433.03136,0.162894977,0.313396959,0.08685611,0.116970562,2.217069342,0.86841393,0.995985709,0.927623048,0.974479359,2.598156763,2.617500403,3.168676151,17475.89266,10658.55882,1700.6916,0.18853061,0.153527626,0.01445735,0.140502674,0.248673895,0.102253321,0.2397141,5.153074085,304.7480499,192.6868735,3.280414176,2110.813522,9628.433617,12948.09098,0,0,0,0,1,16182642.89
7/16/2006,77473372.23,27290.40227,0.11521768,0.332294869,0.067795227,0.110493343,2.172447038,0.837792028,0.996124215,0.892729575,0.975717842,2.611844369,2.604454739,3.171319847,17518.49634,10282.10276,1713.92463,0.195849758,0.129454842,0.047740052,0.128963009,0.236874259,0.091840042,0.24779944,5.153328906,303.9760853,192.8692917,3.280063803,2114.30877,9630.883052,12947.35926,0,0,0,0,0,146785.1642
7/23/2006,76244214.27,27286.59453,0.148154948,0.304164759,0.07009693,0.099605638,2.185966778,0.882118488,0.996794053,0.890109224,0.975229304,2.614580289,2.596689069,3.213599715,17460.4351,10218.32639,1704.153326,0.183613721,0.105793062,0.037360936,0.109696666,0.223219055,0.093873388,0.24848581,5.153416374,302.6304262,193.0493918,3.280298484,2117.345212,9634.046212,12947.43486,0,0,0,0,0,-1283059.933
7/30/2006,77214633.82,27293.4011,0.146255576,0.305847175,0.077623593,0.105504817,2.17160964,0.829629723,0.996086964,0.888591942,0.974230248,2.61234517,2.591667973,3.180733575,17413.17784,10146.71808,1698.48145,0.186581696,0.100344038,0.021490363,0.110894422,0.218833002,0.098010997,0.23205949,5.153301428,300.7123826,193.2224289,3.280862567,2119.831977,9638.056646,12948.45769,0,0,0,0,0,-1720359.135
8/6/2006,80412993.28,27654.57915,0.140735421,0.302636399,0.088230046,0.104029341,2.170039053,0.86075894,0.99639651,0.93014407,0.973925552,2.607823554,2.595291165,3.176410296,17695.71055,10282.84095,1719.088671,0.178526803,0.090538107,0.032022575,0.112504416,0.195988687,0.103246546,0.218829377,5.152949356,298.2232645,193.3836667,3.281500326,2121.678698,9643.047166,12950.56689,0,0,0,0,0,823834.5736
8/13/2006,79333194.33,27789.37887,0.139218188,0.305308763,0.079851109,0.100508795,2.176024454,0.844248594,0.997142992,0.901812487,0.974181115,2.60698576,2.574250362,3.111563538,17829.34395,10323.30363,1727.659708,0.174741803,0.100373271,0.044992721,0.116841755,0.204791208,0.111838727,0.238312934,5.152325097,295.1643821,193.5283606,3.281956106,2122.794658,9649.151099,12953.90216,0,0,0,0,0,1969532.437
8/20/2006,75317112.48,27662.51971,0.117127866,0.319263723,0.068739757,0.115666103,2.174647257,0.833066976,0.996518891,0.902954338,0.973810241,2.610985795,2.578114913,3.164883562,17767.51469,10194.23694,1714.694088,0.182871275,0.12882423,0.018298784,0.125215367,0.217618188,0.120878027,0.228419105,5.151395284,291.5379875,193.6518791,3.281978869,2123.09177,9656.498,12958.59913,0,0,0,0,0,-741975.0426
8/27/2006,74758423.23,27723.08839,0.128798523,0.308445945,0.072836747,0.112638556,2.189212329,0.831040172,0.996752073,0.884723164,0.971717115,2.621514465,2.597187655,3.171346194,17913.95131,10220.44681,1715.764263,0.17036576,0.142298097,0.033116638,0.137780191,0.217725124,0.127812345,0.205437471,5.150166416,287.3728807,193.7522301,3.2814494,2122.553868,9665.11459,12964.68305,0,0,0,0,0,-2601499.207
9/3/2006,84400045.4,27981.72736,0.212309038,0.262072677,0.100020006,0.10457101,2.223114442,0.919181511,0.996092475,0.941916479,0.976924093,2.617449911,2.641032517,3.178501204,18106.33942,10507.89927,1723.105782,0.165321206,0.148537655,0.01841496,0.109414659,0.16740297,0.126514154,0.207751278,5.148719353,282.7474431,193.8324099,3.280494636,2121.298107,9674.836917,12971.97451,0,0,0,1,0,4207107.301
9/10/2006,75963679.5,28137.054,0.123074343,0.321132985,0.080598672,0.116789827,2.189558048,0.8519812,0.996463372,0.903757928,0.974118123,2.621095761,2.628504026,3.107077666,18149.26908,10497.87907,1749.313416,0.179644791,0.155039942,0.042750657,0.151616933,0.239611865,0.125328431,0.23017236,5.147149711,277.7498257,193.896403,3.279289975,2119.468833,9685.462171,12980.25237,0,0,0,0,0,3618277.567
9/17/2006,72056071.74,28167.90646,0.115991374,0.305163135,0.084107026,0.104414855,2.170692266,0.847421798,0.996013596,0.91936166,0.979497531,2.624764154,2.575653647,3.097987477,18015.28011,10282.31081,1749.509168,0.173743374,0.128845242,0.05003964,0.135427122,0.222561038,0.130083791,0.214045609,5.145553104,272.4682037,193.9481767,3.278010982,2117.209655,9696.78857,12989.29661,0,0,0,0,0,-2239710.22
9/24/2006,70624414.36,28165.70972,0.111241753,0.300584924,0.080732055,0.110334087,2.168509351,0.825154149,0.996545802,0.897386243,0.979316612,2.625986158,2.585448987,3.080057266,17926.53871,10193.94816,1744.564793,0.182318494,0.144772482,0.027485113,0.125161223,0.220415711,0.11260561,0.20005856,5.144025256,266.9907526,193.9917135,3.276833173,2114.664983,9708.613211,12998.886,0,0,0,0,0,-5569618.739
10/1/2006,71430305.17,28263.84947,0.108109656,0.287220959,0.093031388,0.104383295,2.166059363,0.839634978,0.996628127,0.897112499,0.976547556,2.625792564,2.569558813,3.155220436,17885.45243,10139.96311,1728.094922,0.174849207,0.118469015,0.025999062,0.126356023,0.201462294,0.129659329,0.215985846,5.142661783,261.4056473,194.0309895,3.275932115,2111.978427,9720.734313,13008.80052,0,0,0,0,0,-5801546.276
10/8/2006,77467994.75,28773.00016,0.11130644,0.277995216,0.103091136,0.107962312,2.177500106,0.871068823,0.996387197,0.925094451,0.981683465,2.615090851,2.578575202,3.098671292,18014.70278,10287.42602,1734.80399,0.182187159,0.113702568,0.03018316,0.130126101,0.2158592,0.097275868,0.19525071,5.141558406,255.8010633,194.0699874,3.275483324,2109.294158,9732.949308,13018.81928,0,0,0,0,0,-697128.183
10/15/2006,74080912.05,28770.97133,0.116461524,0.274102966,0.083173918,0.111029323,2.200496118,0.848828963,0.996395648,0.910593341,0.979091497,2.613618905,2.560130324,3.103024722,17995.92658,10269.48125,1728.789029,0.180504576,0.113202973,0.034235998,0.146958987,0.247638246,0.094362573,0.206851689,5.14081074,250.2651758,194.1126743,3.275662366,2106.756107,9745.055967,13028.7218,0,0,0,0,0,-2388111.675
10/22/2006,72578228.21,28567.0958,0.117581976,0.275134721,0.09605821,0.114962536,2.202164288,0.849319471,0.997185786,0.917167001,0.98188111,2.608186558,2.584191394,3.109872655,17897.96929,10174.42043,1705.865045,0.176764719,0.110737984,0.043658166,0.148369535,0.230131318,0.105454077,0.206187343,5.140514403,244.88616,194.1630395,3.276644757,2104.508442,9756.851722,13038.28719,0,0,0,0,0,-4535527.657
10/29/2006,74792287.52,28391.07022,0.137815,0.264447389,0.10825836,0.10474876,2.211944963,0.849558265,0.995681413,0.908994068,0.981879513,2.609772708,2.585126527,3.109233429,17862.07526,10233.5383,1677.420798,0.158098754,0.117819213,0.031087686,0.156731644,0.23018771,0.112946634,0.202691998,5.140765009,239.7521911,194.2250503,3.278606063,2102.694773,9768.134792,13047.29543,0,0,0,0,0,-4139297.049
11/5/2006,73380039.31,28405.46479,0.119159787,0.276130292,0.079140782,0.128794578,2.205275098,0.840995411,0.996666081,0.907444482,0.982542103,2.608927328,2.602906622,3.123995519,18092.05315,10333.0269,1680.167336,0.175452611,0.140068387,0.013984937,0.164108205,0.217276059,0.117103578,0.224572571,5.141658493,234.9514443,194.3026958,3.2817218,2101.459512,9778.702274,13055.52529,0,0,0,0,0,-2828817.723
11/12/2006,73231692.65,28376.75312,0.110146493,0.283657122,0.081487426,0.112395371,2.188350174,0.820648256,0.994961324,0.892601631,0.985267705,2.617194669,2.631369184,3.112775849,18227.40904,10354.12645,1689.634874,0.179534697,0.144115563,0.027503493,0.164736502,0.231361367,0.117619423,0.227088311,5.143290047,230.572095,194.3999433,3.286167536,2100.946268,9788.352387,13062.75675,0,0,0,0,0,-4340622.017
11/19/2006,74007146.85,28410.65271,0.120559375,0.268433679,0.089413453,0.113553146,2.228413679,0.836235698,0.996743285,0.900427406,0.985333642,2.624401972,2.729862926,3.185588741,18519.66864,10585.544,1662.428716,0.178212787,0.144258971,0.009627511,0.110911456,0.173202826,0.111878456,0.23076302,5.145753894,226.7019949,194.5207475,3.292116095,2101.298395,9796.883525,13068.77034,0,0,0,0,0,-4626401.037
11/26/2006,68977560.82,27607.53927,0.128711268,0.273444346,0.084759338,0.10880346,2.278907678,0.828522839,0.99555185,0.881547032,0.983272265,2.619784083,2.733041745,3.133044715,17882.22216,10430.96138,1544.513497,0.179488363,0.135116292,0.007780262,0.111797478,0.192072968,0.093505933,0.215348608,5.149060375,223.4121102,194.6674912,3.299599962,2102.599438,9804.167861,13073.44658,0,0,0,0,0,-6621028.856
12/3/2006,72046294.29,28013.80009,0.105561203,0.281101654,0.080347643,0.11945444,2.213141366,0.810063662,0.996479253,0.901774626,0.987360522,2.603471457,2.627057128,3.111081503,18036.79722,10123.32634,1641.119862,0.171349726,0.132378383,0.021252348,0.144894547,0.269478605,0.087867629,0.246673779,5.153000603,220.7300204,194.8385575,3.308290916,2104.783043,9810.262018,13076.91696,0,0,0,0,0,-7540372.718
12/10/2006,75347504.91,28179.33299,0.126553064,0.262215826,0.111429014,0.112559148,2.230112065,0.842131407,0.996245753,0.910296441,0.986173506,2.597050693,2.65049842,3.124364643,18305.94936,10305.99658,1616.394615,0.166399194,0.150404324,0.046507747,0.143671336,0.276888948,0.091273999,0.220231289,5.157307974,218.6711791,195.0312135,3.317759854,2107.740184,9815.275197,13079.3844,0,0,0,0,0,-2823420.512
12/17/2006,77186846.38,28131.25152,0.128487292,0.272725342,0.089681573,0.126631652,2.290467429,0.845669699,0.992345827,0.902304527,0.982582182,2.605743231,2.691390065,3.172671772,18259.71823,10455.26618,1561.55288,0.158847524,0.156491035,0.0156807,0.11943195,0.24639079,0.076244156,0.234516657,5.161713172,217.2509372,195.2427034,3.327576932,2111.361434,9819.317053,13081.05247,0,0,0,0,0,-194454.5015
12/24/2006,84985583.36,28161.65231,0.146719377,0.27793943,0.084430185,0.117932786,2.412145554,0.838637256,0.995704926,0.888947034,0.983144998,2.605463418,2.764495966,3.168798938,18473.27349,11256.03159,1468.371402,0.156671476,0.175717783,0.009277936,0.090615295,0.214128323,0.080564083,0.240858451,5.165947778,216.4846459,195.4702864,3.337312187,2115.537788,9822.496817,13082.12401,1,0,0,0,0,4649955.159
12/31/2006,77387628.62,27594.85289,0.188922275,0.262333624,0.108901765,0.110423962,2.372432822,0.893097734,0.996547607,0.9293952,0.982010369,2.621382351,2.724926338,3.233210659,17607.08261,11133.37818,1505.986322,0.168700038,0.157881207,0.018449859,0.098022594,0.230139151,0.122738882,0.217785571,5.169743373,216.3876564,195.7112066,3.346535775,2120.159639,9824.924325,13082.80293,1,0,0,0,0,742475.2723
1/7/2007,77077506.31,28358.29115,0.123399837,0.302021442,0.083673876,0.133652446,2.272837977,0.859856316,0.996583332,0.90690894,0.985494583,2.634853278,2.614493944,3.140708117,18046.29115,10982.64436,1793.415606,0.201324766,0.17360868,0.029446176,0.145148053,0.280982782,0.102704555,0.275518137,5.172831538,216.9753196,195.9627234,3.354817732,2125.117983,9826.708808,13083.29206,0,0,0,0,0,2255976.021
1/14/2007,75591804.25,28513.46056,0.132477794,0.299496901,0.074631269,0.115744288,2.26214539,0.808118344,0.996485495,0.886030902,0.979369886,2.643203346,2.565602423,3.146174216,18056.25427,10715.87139,1868.868475,0.196730999,0.147854763,0.023947896,0.125757112,0.263960188,0.099414028,0.269201107,5.174943554,218.2629868,196.2220856,3.361728216,2130.303209,9827.960102,13083.79533,0,0,0,0,0,-2716748.925
1/21/2007,74109385.05,28445.46559,0.13752959,0.30197257,0.075138057,0.108583316,2.265874025,0.837486905,0.996157424,0.899800602,0.98680693,2.650014269,2.549787995,3.175466428,18135.93054,10600.6909,1879.700962,0.201649696,0.148565235,0.024743059,0.1580285,0.286360112,0.0995292,0.259327565,5.175811003,220.266009,196.4865462,3.366837261,2135.606316,9828.787437,13084.51555,0,0,0,0,0,-2154798.685
1/28/2007,73627504.89,28428.48742,0.168633099,0.277861704,0.101921561,0.103493033,2.242425402,0.856116823,0.996590654,0.896283285,0.975833654,2.636377092,2.554432563,3.182250237,18092.56639,10459.85137,1881.900205,0.186867712,0.173383863,0.079128786,0.124406152,0.218180978,0.102831624,0.251202968,5.175165166,222.9997373,196.753354,3.369715025,2140.917875,9829.300468,13085.65632,0,0,0,0,0,-3043353.389
2/4/2007,92280301.91,28978.20587,0.266385401,0.231295518,0.133590316,0.090306943,2.342707794,0.94500615,0.997277646,0.960247702,0.979191104,2.647782855,2.664314447,3.159070375,18703.00992,11410.05687,1883.788602,0.189150521,0.170224597,0.062415635,0.10978291,0.18707861,0.10652533,0.241336499,5.172737624,226.4795229,197.0197684,3.369931544,2146.128641,9829.608668,13087.42091,0,1,0,0,0,14350617.09
2/11/2007,76415789.55,28599.85334,0.122425218,0.320495192,0.077407899,0.113835516,2.262748468,0.809657527,0.996865463,0.8965809,0.983536575,2.656717509,2.58696593,3.139885293,18276.74944,10812.27329,1867.806842,0.211459005,0.188013198,0.047309218,0.150289604,0.275757053,0.129966015,0.290692946,5.168259962,230.7207168,197.2830334,3.367056973,2151.129185,9829.821692,13090.01291,0,0,0,0,0,355810.9298
2/18/2007,70463603.13,28600.86634,0.11184216,0.308001602,0.068581395,0.109578238,2.246382095,0.858316948,0.996532216,0.897762692,0.982790472,2.638480081,2.601248788,3.155848665,18130.3874,10358.01098,1860.614114,0.195715093,0.12348469,0.031226913,0.123167525,0.250855318,0.08585647,0.26484678,5.161468208,235.7378796,197.5404222,3.360665841,2155.811062,9830.048268,13093.6337,0,0,0,0,0,-5545431.94
2/25/2007,70737898.68,28715.49337,0.137336622,0.284193843,0.07328252,0.100224534,2.236580767,0.858250732,0.995715229,0.901141594,0.98234846,2.644080011,2.595075579,3.133807973,18164.86533,10348.46648,1898.751496,0.182016086,0.116971901,0.022348779,0.11225588,0.220078761,0.103295822,0.23918155,5.152330818,241.5043121,197.789916,3.350567118,2160.094256,9830.371599,13098.4109,0,0,0,0,0,-5327007.786
3/4/2007,73113442.28,29002.66493,0.130004181,0.291393628,0.077937214,0.098181622,2.25225473,0.859293929,0.995249949,0.908295981,0.980082624,2.639965902,2.646508636,3.173557152,18298.678,10374.77632,1910.728276,0.185906026,0.120671936,0.015227794,0.118319706,0.212786171,0.118128852,0.237761952,5.141411909,247.8872984,198.0313643,3.337171889,2163.973697,9830.807374,13104.27934,0,0,0,0,0,-3571661.153
3/11/2007,74784512.23,29289.79118,0.136967167,0.28516031,0.079224949,0.099605448,2.246522098,0.854744879,0.99502745,0.923405448,0.980071645,2.645001443,2.661339691,3.123778997,18280.9617,10405.65506,1931.109303,0.179319859,0.136497044,0.033802078,0.139449913,0.238735465,0.113400221,0.250932473,5.129447486,254.7244924,198.2651291,3.321059454,2167.465033,9831.352695,13111.11996,0,0,0,0,0,-1130943.508
3/18/2007,74936525.13,29315.00442,0.133368358,0.28916368,0.07975926,0.119844792,2.257746403,0.845295374,0.995754343,0.919477602,0.990492967,2.635946737,2.683157916,3.162944844,18140.24465,10437.75982,1923.883316,0.172152024,0.137922704,0.020523873,0.133658808,0.214756981,0.122948249,0.231011112,5.117168156,261.8532981,198.4915781,3.302810677,2170.584036,9832.004493,13118.81385,0,0,0,0,0,-1488601.569
3/25/2007,72934057.5,29385.19927,0.120703313,0.297670628,0.078129222,0.120532001,2.255855685,0.844064524,0.996093506,0.918379745,0.983017595,2.654414394,2.660452809,3.214782617,18157.78725,10379.69514,1937.608744,0.174422407,0.157123363,0.03727398,0.165628449,0.244917708,0.129407715,0.243530052,5.105311866,269.1111192,198.7110794,3.283006263,2173.346537,9832.759688,13127.24161,0,0,0,0,0,-2377720.361
4/1/2007,74336238.44,29323.60485,0.137790081,0.289132814,0.072802857,0.111191215,2.263683165,0.864322843,0.997113967,0.920173953,0.9836541,2.654208582,2.691760283,3.387252041,18230.61875,10392.28737,1919.888762,0.170783108,0.153049339,0.026506183,0.153765553,0.204687931,0.144580963,0.236466787,5.094609226,276.3353598,198.9239999,3.262227075,2175.768342,9833.615205,13136.28406,0,0,0,0,0,-4109549.906
4/8/2007,80000046.62,29434.64837,0.154020521,0.278020107,0.075210617,0.110830529,2.27822928,0.868214735,0.994014004,0.909160623,0.982733363,2.649781524,2.698946537,3.166045862,18538.66647,10750.31378,1904.016809,0.16437733,0.151608599,0.009718262,0.123133259,0.183118196,0.152872606,0.225215202,5.085796567,283.3634236,199.1307083,3.241053819,2177.865284,9834.567964,13145.82181,0,0,0,0,0,1669913.55
4/15/2007,71772827.4,29294.98906,0.112845033,0.300889493,0.075642087,0.113152209,2.242977259,0.797689579,0.996278272,0.855513335,0.985219513,2.648353921,2.66661295,3.144852108,18257.39429,10454.89772,1926.642737,0.178466291,0.137922718,0.041700485,0.149548954,0.254270957,0.129825135,0.237769529,5.079607742,290.0327145,199.3315714,3.220067358,2179.653131,9835.614895,13155.73595,0,0,0,0,0,655425.5607
4/22/2007,75403126.47,29210.52138,0.150677012,0.271946026,0.083223436,0.108327055,2.258371945,0.848733903,0.99518011,0.915747266,0.985638041,2.662986388,2.659955092,3.169927284,18198.94977,10417.40712,1919.242092,0.174450647,0.140813829,0.024265039,0.141263886,0.235604702,0.130808155,0.239091442,5.076776636,296.1806364,199.526958,3.199848396,2181.147743,9836.752914,13165.90687,0,0,0,0,0,-2941403.441
4/29/2007,75617016.65,29142.19651,0.132023195,0.292430962,0.077284858,0.110852751,2.247786417,0.861376848,0.994916285,0.881543412,0.981117397,2.6658225,2.645948946,3.178046944,18144.28975,10442.22991,1925.768067,0.165471897,0.148766576,0.021245938,0.119314062,0.197190367,0.113689417,0.228098003,5.078037119,301.6445932,199.7172348,3.180977798,2182.364891,9837.978952,13176.21567,0,0,0,0,0,-1739850.873
5/6/2007,81341428.1,29314.36564,0.161734755,0.276120247,0.088107554,0.110920583,2.270176655,0.858793898,0.994425922,0.9170792,0.98037087,2.698745733,2.6492835,3.126114147,18351.8461,10914.03318,1935.103722,0.168932934,0.148376998,0.027890858,0.136462025,0.228160984,0.112448927,0.236682538,5.084123875,306.2619886,199.9027702,3.164036267,2183.320432,9839.289923,13186.54275,0,0,0,0,0,3606213.225
5/13/2007,78490383.2,29196.10346,0.132899546,0.296387949,0.074761315,0.11015988,2.270092889,0.820389912,0.996764186,0.8949122,0.982824833,2.674186354,2.662751383,3.112164525,18310.39021,10648.22189,1927.772863,0.185946705,0.16589627,0.027533004,0.12514318,0.197683891,0.09869656,0.224389103,5.095770785,309.8702267,200.0839316,3.149604669,2184.030137,9840.682759,13196.7692,0,0,0,0,0,2941187.721
5/20/2007,78194607.44,29077.16176,0.148123425,0.284403401,0.084462823,0.112175724,2.274372024,0.867645124,0.99480348,0.922486556,0.98183088,2.663971322,2.6593571,3.104070879,18190.58791,10495.76197,1923.675704,0.174607299,0.145677483,0.021722269,0.136795409,0.19055627,0.105759239,0.208503629,5.113700998,312.3090209,200.2610884,3.138257775,2184.510275,9842.154657,13206.7767,0,0,0,0,0,2620705.779
5/27/2007,88802984.74,29209.87102,0.237018213,0.24727281,0.098414417,0.097211996,2.364419184,0.908490871,0.99570415,0.948054433,0.981777208,2.653003452,2.746972476,3.250771122,18346.1839,10883.95968,1907.333007,0.176617169,0.166871206,0.019195841,0.106875683,0.148279054,0.106540536,0.212790893,5.138205751,313.5050355,200.4346467,3.130345975,2184.793997,9843.713498,13216.48896,0,0,1,0,0,13573799.07
6/3/2007,79759324.33,28954.59054,0.131632068,0.317487296,0.084983021,0.119555132,2.300264818,0.848190118,0.996849354,0.924821174,0.982375635,2.669157477,2.696822496,3.212286898,18073.86376,10716.13656,1903.369773,0.1872278,0.172227719,0.034120812,0.14658564,0.233467683,0.108559789,0.226311881,5.168634203,313.5752059,200.6050998,3.125728673,2184.951448,9845.390517,13225.92091,0,0,0,0,0,3368305.705
6/10/2007,80353244.02,29074.79181,0.14272688,0.291907156,0.08563974,0.113350642,2.27399903,0.861661709,0.996087159,0.923442994,0.984922879,2.675914742,2.656997734,3.1942861,18182.53261,10600.36788,1922.110148,0.176028646,0.141483151,0.021451339,0.142516789,0.220926508,0.125334855,0.23236959,5.204113646,312.6812366,200.7729581,3.124149615,2185.0612,9847.222321,13235.10891,0,0,0,0,0,4170845.156
6/17/2007,80850162.26,28966.66573,0.149563877,0.285165536,0.080266628,0.112755075,2.295586563,0.845934384,0.995516653,0.898385499,0.982225125,2.680250746,2.675974786,3.235822105,17984.74581,10563.52592,1896.610219,0.179602645,0.134099713,0.034146217,0.143222202,0.227806582,0.138214505,0.215344057,5.243767258,310.9850527,200.9387349,3.12535206,2185.202292,9849.245742,13244.08962,0,0,0,0,0,4530928.627
6/24/2007,77566147,28913.26503,0.141416035,0.296462525,0.080741327,0.107894038,2.303187924,0.838213377,0.995520643,0.914220531,0.978194241,2.678565872,2.671161438,3.283118141,17994.01944,10510.00118,1892.791181,0.181406077,0.145502241,0.02698477,0.160697349,0.220155801,0.091478993,0.220665492,5.286724994,308.6485791,201.1029408,3.129079199,2185.453327,9851.497407,13252.89949,0,0,0,0,0,2117155.452
7/1/2007,87725881.43,29020.13493,0.239281851,0.250979996,0.106076097,0.095027758,2.357929346,0.926231587,0.997063856,0.9450208,0.980667238,2.668251165,2.695442768,3.330830944,18160.16922,10771.33463,1883.379936,0.169847298,0.144700647,0.042259842,0.110318587,0.155065052,0.102739097,0.216813645,5.332108098,305.8337408,201.2660882,3.135074294,2185.893345,9854.014147,13261.57518,0,0,0,0,0,8282527.768
7/8/2007,88889916.66,29011.86569,0.185376409,0.292945047,0.094951463,0.109463347,2.375887647,0.895651326,0.996803718,0.926659365,0.979020963,2.66232103,2.692715275,3.204128698,18162.539,11068.29674,1867.171371,0.182447323,0.146933914,0.013535606,0.137631684,0.226304609,0.097463816,0.223660471,5.379046539,302.7024626,201.4286886,3.143080534,2186.60095,9856.832591,13270.15312,0,0,0,0,1,16182642.89
7/15/2007,75051361.76,28821.33251,0.116233435,0.315793622,0.076360048,0.115023319,2.277844896,0.843087661,0.997498322,0.90600162,0.979005217,2.672035961,2.649678786,3.211792974,18097.46673,10563.1661,1892.873774,0.19284993,0.12119664,0.023785565,0.149191157,0.229228129,0.086787822,0.238572974,5.426661548,299.4166696,201.5912547,3.152841181,2187.655049,9859.989509,13278.66992,0,0,0,0,0,146785.1642
7/22/2007,74508171.9,28666.28372,0.147747997,0.293801121,0.08081149,0.106094481,2.295167327,0.874297333,0.997290883,0.918013684,0.976191425,2.681472312,2.694156267,3.233602939,17918.01016,10425.3115,1866.083453,0.185716864,0.110199948,0.026974766,0.11940945,0.200527527,0.082870002,0.222742995,5.474083097,296.1382867,201.7542969,3.164099425,2189.134422,9863.521609,13287.16212,0,0,0,0,0,-1283059.933
7/29/2007,73860173.89,28767.42912,0.126311911,0.309843125,0.075452799,0.106526047,2.292604661,0.858822468,0.99614286,0.919115952,0.97947693,2.6848355,2.689174855,3.240525003,17983.6048,10371.10739,1865.709178,0.192141726,0.118735098,0.04290586,0.123694251,0.203979522,0.095024537,0.223127744,5.520434355,293.0292389,201.9183285,3.176598527,2191.117977,9867.465663,13295.66629,0,0,0,0,0,-1720359.135
8/5/2007,77652517.08,29211.79543,0.137322774,0.28948464,0.083287861,0.111992228,2.291940158,0.861269983,0.996343785,0.916080644,0.983294886,2.685597936,2.672180797,3.243447975,18368.57023,10465.68468,1873.457386,0.17951963,0.102866206,0.024369082,0.139110139,0.213941142,0.090546464,0.24366519,5.564841412,290.251451,202.08386,3.190081676,2193.684316,9871.858298,13304.21889,0,0,0,0,0,823834.5736
8/12/2007,76855926.34,29443.39619,0.129899333,0.28723598,0.08613906,0.103148921,2.318348567,0.864596073,0.995275132,0.918328262,0.97919124,2.678029462,2.682196749,3.200650835,18495.62809,10525.04718,1871.73844,0.181487221,0.104636891,0.04840577,0.132414904,0.200161845,0.098146713,0.234425483,5.606430353,287.9668482,202.2514048,3.204292136,2196.91248,9876.736346,13312.85659,0,0,0,0,0,1969532.437
8/19/2007,74535776.41,29564.14124,0.117240567,0.280744536,0.089301563,0.105576199,2.312432014,0.85883464,0.99655414,0.918606638,0.975706031,2.700171083,2.665750579,3.193347983,18565.39009,10489.86521,1882.755848,0.174903686,0.104949228,0.028075114,0.147008996,0.225125897,0.092378169,0.215377156,5.644332632,286.3362166,202.4214703,3.218973414,2200.880175,9882.135072,13321.61506,0,0,0,0,0,-741975.0426
8/26/2007,72642818.83,29568.39056,0.111828707,0.279555241,0.092025177,0.121059806,2.311236363,0.82296965,0.997043414,0.891477246,0.983982112,2.716900031,2.694007896,3.292470457,18566.23131,10351.51442,1867.283733,0.179757206,0.144319166,0.013202455,0.161533169,0.228734113,0.086556057,0.207233722,5.677958714,285.4609146,202.5944092,3.233885758,2205.618661,9888.018797,13330.49102,0,0,0,0,0,-2601499.207
9/2/2007,82022628.44,30144.01113,0.156969988,0.255828367,0.12178992,0.110719925,2.325339713,0.874794786,0.99631397,0.928191788,0.983654733,2.704849773,2.744612722,3.371257816,18866.76256,10670.58733,1868.473865,0.169154061,0.149085472,0.03284654,0.140457597,0.18203039,0.155420283,0.21162391,5.707439287,285.2896007,202.7701706,3.24883218,2211.038639,9894.169338,13339.3805,0,0,0,1,0,4207107.301
9/9/2007,77526890.78,30183.31128,0.108889136,0.278406756,0.10025068,0.127012988,2.304407846,0.860924111,0.997558611,0.930250324,0.986281234,2.723923471,2.70975274,3.242239727,18897.42714,10637.04066,1886.155881,0.188297472,0.171722528,0.036360434,0.181206816,0.241773052,0.135088068,0.215636754,5.733106262,285.7282564,202.948591,3.263627716,2217.017187,9900.317167,13348.15129,0,0,0,0,0,3618277.567
9/16/2007,72898755.98,30091.5721,0.114159592,0.267313064,0.095110238,0.116650131,2.280780577,0.858028098,0.996533729,0.926530118,0.983578873,2.719581622,2.668486306,3.21356242,18835.98954,10457.25629,1887.804379,0.179814654,0.144422296,0.032318494,0.171286178,0.241574225,0.137926797,0.212818138,5.755292856,286.6825024,203.1295064,3.278087454,2223.431196,9906.19261,13356.67108,0,0,0,0,0,-2239710.22
9/23/2007,70863966.95,29845.54941,0.104333481,0.271507576,0.089610941,0.119541221,2.263653489,0.825869183,0.997057981,0.914069055,0.985177551,2.724499147,2.689948272,3.212400835,18671.0717,10311.06573,1874.173966,0.182063669,0.151818348,0.026026986,0.162658268,0.210800469,0.133923012,0.227661504,5.77433229,288.05796,203.3127519,3.292026531,2230.157353,9911.525538,13364.80736,0,0,0,0,0,-5569618.739
9/30/2007,71229251.06,29683.87589,0.102343562,0.277953108,0.081164316,0.122911636,2.257183529,0.837625566,0.997093402,0.915334983,0.983948054,2.729231556,2.699331037,3.194032611,18663.91035,10260.5424,1859.393105,0.185524276,0.138674276,0.017072312,0.148881352,0.19936576,0.133259464,0.210390527,5.790557775,289.76025,203.4981637,3.305260034,2237.072822,9916.04688,13372.4281,0,0,0,0,0,-5801546.276
10/7/2007,76647044.78,29814.31239,0.119283958,0.275531571,0.087120105,0.116917157,2.261105723,0.837009819,0.996446587,0.911015503,0.986088799,2.704469176,2.669262525,3.154564292,18889.78728,10438.3906,1873.401322,0.180619538,0.137106938,0.02375591,0.156878759,0.220871138,0.129619143,0.206385331,5.804303643,291.6949934,203.685577,3.317603101,2244.054084,9919.486057,13379.40055,0,0,0,0,0,-697128.183
10/14/2007,73464094.53,29674.90786,0.11605264,0.279763816,0.084363246,0.108752385,2.278712369,0.843666422,0.99546988,0.904135752,0.988976717,2.712624401,2.64527876,3.214044891,18911.20102,10450.01412,1868.848751,0.177840788,0.13508691,0.025396427,0.129466532,0.210097115,0.108776057,0.212397156,5.81590163,293.7678113,203.8748277,3.328870818,2250.978305,9921.573997,13385.59271,0,0,0,0,0,-2388111.675
10/21/2007,71640078.46,29408.56237,0.114842404,0.279151469,0.08503898,0.123402092,2.280474875,0.822465868,0.996241109,0.900082635,0.984065269,2.713663564,2.661370689,3.202171842,18830.26386,10385.45628,1846.978336,0.187702959,0.144290484,0.039217658,0.14260435,0.215164493,0.103764033,0.222224745,5.825686805,295.8843247,204.0657513,3.338878323,2257.721965,9922.040122,13390.87182,0,0,0,0,0,-4535527.657
10/28/2007,73292237.58,29205.64479,0.14480649,0.254211608,0.110233351,0.109637916,2.303794584,0.853088529,0.993697687,0.910547218,0.98308126,2.710317662,2.67682376,3.211508259,18754.50027,10400.13477,1819.803918,0.165066808,0.139139425,0.019859518,0.140818305,0.196716492,0.119957166,0.204433739,5.833990901,297.9501545,204.2581836,3.347440703,2264.162228,9920.61536,13395.10587,0,0,0,0,0,-4139297.049
11/4/2007,72420723.43,29123.02228,0.117012858,0.278921995,0.076020106,0.130841518,2.309100549,0.812054527,0.996200031,0.901126623,0.982167548,2.704890406,2.678705894,3.173899753,18719.01699,10443.40303,1801.668005,0.177018496,0.148176667,0.030033277,0.168345514,0.205627394,0.105668889,0.215982297,5.841148988,299.8709218,204.45196,3.354373096,2270.175781,9917.029584,13398.16233,0,0,0,0,0,-2828817.723
11/11/2007,72096282.96,29330.48686,0.099981168,0.281615194,0.082508014,0.117540828,2.277985095,0.795993632,0.994973399,0.886317552,0.984830243,2.719289104,2.720045353,3.115457352,18949.18224,10487.52945,1819.125356,0.171023703,0.140998331,0.01852492,0.176950022,0.210828183,0.129920078,0.222266024,5.847492806,301.5522476,204.6469166,3.359490588,2275.639516,9911.013117,13399.9089,0,0,0,0,0,-4340622.017
11/18/2007,73113362.98,29338.9695,0.128048803,0.258073823,0.091441811,0.118810921,2.313122244,0.810400802,0.997548293,0.877745933,0.986856248,2.731409091,2.821549108,3.231483886,19229.11092,10653.11345,1785.713782,0.170002725,0.143523079,0.016055718,0.11791755,0.164319823,0.132133078,0.237429603,5.853356136,302.9000066,204.8428896,3.362609016,2280.430517,9902.297819,13400.21382,0,0,0,0,0,-4626401.037
11/25/2007,68403349.85,28601.46094,0.127145298,0.262102827,0.086766323,0.115454644,2.35626581,0.806441281,0.994972832,0.849126812,0.977032847,2.724363621,2.829965284,3.197540885,18620.9562,10580.54267,1661.298199,0.174412519,0.137884664,0.013694913,0.111676181,0.187009722,0.122232548,0.232007377,5.858989792,303.8501317,205.0398301,3.363628067,2284.460119,9890.783958,13399.01133,0,0,0,0,0,-6621028.856
12/2/2007,70228753.59,29005.54637,0.105223655,0.270448197,0.082176551,0.122363959,2.289685552,0.810435839,0.995720915,0.906378639,0.984832735,2.692014414,2.714223179,3.152402826,18697.88185,10214.44881,1765.076518,0.171598101,0.124111544,0.015484014,0.140875095,0.244365874,0.111946624,0.221836766,5.86435455,304.4461042,205.2381016,3.362747426,2287.762499,9876.982553,13396.47451,0,0,0,0,0,-7540372.718
12/9/2007,74460468.25,29137.53924,0.128013312,0.261835842,0.091629661,0.113817231,2.316442617,0.840986353,0.996072558,0.914781352,0.983774756,2.685250661,2.737083715,3.180634068,18910.66489,10434.70518,1748.96127,0.169308891,0.131409282,0.042297573,0.13537898,0.251114154,0.10886086,0.241504393,5.869297875,304.7732611,205.4382249,3.360283629,2290.419143,9861.637203,13392.86759,0,0,0,0,0,-2823420.512
12/16/2007,78049982.28,29085.2434,0.118946764,0.266673916,0.091866289,0.136504734,2.36661153,0.848105916,0.996290326,0.885236611,0.98434726,2.68660209,2.762773456,3.178369098,18961.93525,10634.86779,1698.64419,0.169380103,0.146098933,0.019427384,0.129229394,0.230870809,0.102848006,0.234505986,5.873664896,304.9177416,205.6407257,3.356555361,2292.51291,9845.50019,13388.45802,0,0,0,0,0,-194454.5015
12/23/2007,79947949.56,28590.98022,0.137418487,0.272313643,0.081873403,0.129252704,2.462085482,0.828592279,0.995902621,0.882914943,0.980855225,2.71124976,2.849724717,3.186166913,18809.12956,11101.87097,1561.547382,0.167794653,0.167919772,0.017933652,0.099934874,0.183707512,0.086196514,0.220959908,5.877300908,304.9656846,205.8461291,3.351881396,2294.1262,9829.319653,13383.51182,0,0,0,0,0,4649955.159
12/30/2007,75335934.05,27928.16036,0.170759268,0.262162742,0.0975821,0.128005553,2.467888472,0.865509611,0.994127645,0.913491248,0.979495136,2.719941666,2.833894054,3.143702769,18043.90034,11241.628,1553.727638,0.17911032,0.154886809,0.017149185,0.107272627,0.203343084,0.10056396,0.228662392,5.880051043,305.0032293,206.0549609,3.346580417,2295.341735,9813.846626,13378.296,1,0,0,0,0,742475.2723
1/6/2008,78367583.99,28763.76684,0.128896514,0.297861167,0.087460157,0.13797222,2.376092489,0.847967712,0.997420042,0.900133208,0.985373288,2.724527313,2.724845083,3.178545648,18687.93769,11215.28651,1908.211921,0.212829213,0.156351877,0.020345415,0.15103802,0.281270103,0.10011394,0.25271826,5.881760596,305.1165147,206.2677448,3.3409712,2296.242098,9799.830907,13373.07716,1,0,0,0,0,2255976.021
1/13/2008,73198053.48,28844.98716,0.130857795,0.298364433,0.08473667,0.118800833,2.320582686,0.854553211,0.997047368,0.898988136,0.984308989,2.72891682,2.641746359,3.194878675,18603.22025,10688.80374,2007.157186,0.212271475,0.135751422,0.026939491,0.160831753,0.244108113,0.114807384,0.261573429,5.882274868,305.3916799,206.4850076,3.335372427,2296.910011,9788.023536,13368.12232,0,0,0,0,0,-2716748.925
1/20/2008,75997043.53,28998.0634,0.139872053,0.297876977,0.088093492,0.112216988,2.350909756,0.856012555,0.997256245,0.910571676,0.981895621,2.727096828,2.600194929,3.210988184,18704.28304,10796.54743,2015.110765,0.201431847,0.1258512,0.030850888,0.150334585,0.24352557,0.127527763,0.255832577,5.881439158,305.914864,206.7072731,3.330102873,2297.427873,9779.172645,13363.69748,0,0,0,0,0,-2154798.685
1/27/2008,72922814.57,28833.32824,0.154500975,0.291825657,0.089854258,0.119048975,2.325974144,0.853050224,0.997506816,0.88863545,0.98391533,2.721553897,2.658115651,3.212186319,18604.21745,10640.89485,2010.436289,0.205110007,0.164045881,0.061012497,0.135602286,0.235726604,0.133611763,0.264259873,5.87909825,306.772206,206.935068,3.325481223,2297.878545,9774.03052,13360.07012,0,0,0,0,0,-3043353.389
2/3/2008,89159145,29239.89003,0.243983352,0.247512107,0.120710244,0.097479896,2.438941543,0.931548774,0.995979862,0.944903609,0.982026528,2.73059848,2.736485564,3.181511262,19094.44763,11528.00893,2025.647841,0.184694912,0.162497944,0.081581138,0.108722266,0.182709823,0.133248976,0.207375857,5.875098128,308.0498449,207.168916,3.321826249,2298.344425,9773.345294,13357.50622,0,1,0,0,0,14350617.09
2/10/2008,75026889.38,28931.54931,0.110564372,0.321402239,0.074245684,0.129060695,2.36119969,0.80976181,0.996990019,0.906867384,0.986133441,2.741722719,2.681270306,3.252426921,18812.70725,10991.09404,2035.276818,0.213967276,0.181653106,0.054888044,0.14160859,0.262543915,0.126169575,0.275885528,5.869283234,309.8339199,207.409343,3.319456638,2298.908372,9777.869252,13356.27327,0,0,0,0,0,355810.9298
2/17/2008,69880176.61,28823.57747,0.100977544,0.31383071,0.070847909,0.110310003,2.321097922,0.801286798,0.997298895,0.880483815,0.988320753,2.729617949,2.689878616,3.181563462,18575.98153,10424.49483,2019.676268,0.209877222,0.133618668,0.055719355,0.109886443,0.239458582,0.144755172,0.265655075,5.86150027,312.2104694,207.6568742,3.318690871,2299.652756,9788.349359,13356.63691,0,0,0,0,0,-5545431.94
2/24/2008,71274569.09,29165.11792,0.137933276,0.285197097,0.07601097,0.104470132,2.336833254,0.842543744,0.997644186,0.88550104,0.989657565,2.732908506,2.735760338,3.161420452,18636.10554,10470.95972,2043.786165,0.203717852,0.121133164,0.056249738,0.119861306,0.225507285,0.109238951,0.25231739,5.851710106,315.2450763,207.9120823,3.319786798,2300.652928,9805.262711,13358.78533,0,0,0,0,0,-5327007.786
3/2/2008,72187690.05,29479.78081,0.128758524,0.289338878,0.074733923,0.112486032,2.308693524,0.849313299,0.996827463,0.91245443,0.986533761,2.707928054,2.714895466,3.146131751,18713.33082,10414.7916,2042.450033,0.188213053,0.116606785,0.02606482,0.136706193,0.215564128,0.093268673,0.230210062,5.840366358,318.9163872,208.1757346,3.322745141,2301.953026,9827.930038,13362.5737,0,0,0,0,0,-3571661.153
3/9/2008,77075754.68,30056.01522,0.117838932,0.287688333,0.081321979,0.123093489,2.31553071,0.815389748,0.996454715,0.900356231,0.985671365,2.729168406,2.716169733,3.193371151,18925.11089,10561.02132,2058.06528,0.192361252,0.131958898,0.060400555,0.146212956,0.230089674,0.095786096,0.242616541,5.828149181,323.1633203,208.4486931,3.32744904,2303.583012,9855.141185,13367.70449,0,0,0,0,0,-1130943.508
3/16/2008,74512998.78,30202.3086,0.112936766,0.282226145,0.085063006,0.121732747,2.330809659,0.827719336,0.996694248,0.895520124,0.988921744,2.740871702,2.777973143,3.163113992,18744.25005,10396.87651,2034.509577,0.187352753,0.138358369,0.020818582,0.153385411,0.222720224,0.120376093,0.231204574,5.815743279,327.9237383,208.7318174,3.333778493,2305.572359,9885.67693,13373.87734,0,0,0,0,0,-1488601.569
3/23/2008,75799693.52,30349.7598,0.10171445,0.283886129,0.08646311,0.135082691,2.352285003,0.842158298,0.996460056,0.916127461,0.986788327,2.74402867,2.810752046,3.187871485,18706.63428,10562.78338,1987.634468,0.180725691,0.144064988,0.024062025,0.131202865,0.190395605,0.104202026,0.236154491,5.803833326,333.1355042,209.0259721,3.341613533,2307.950705,9918.311268,13380.79021,0,0,0,0,0,-2377720.361
3/30/2008,69680570.71,30072.37213,0.113029779,0.281578528,0.070111672,0.123515626,2.325792371,0.810690152,0.996769154,0.876598846,0.991002763,2.759107947,2.732912468,3.204922382,18324.74713,10231.80365,1985.223771,0.19497046,0.133778069,0.037511589,0.159606399,0.255823631,0.096410749,0.223580697,5.793104015,338.7364807,209.3320168,3.35083416,2310.747525,9951.824962,13388.14274,0,0,0,0,0,-4109549.906
4/6/2008,78240183.54,30477.90224,0.125801027,0.285271326,0.088364481,0.112385161,2.330420519,0.857979865,0.997054639,0.921343009,0.986138471,2.755646837,2.695243282,3.159552346,18784.13812,10430.28347,2038.253853,0.192601978,0.127455712,0.033927906,0.132525078,0.210609267,0.094324685,0.240012106,5.78424079,344.6645307,209.6508146,3.361320405,2313.992456,9984.992002,13395.63291,0,0,0,0,0,1669913.55
4/13/2008,77519598.92,30455.41008,0.109302032,0.299320566,0.075793063,0.115349277,2.33836978,0.820144242,0.996860998,0.882643154,0.98733766,2.76478491,2.690137471,3.176671891,18859.047,10475.65096,2050.249679,0.193706636,0.119012852,0.033006646,0.119498982,0.199436888,0.104520099,0.239689461,5.777928347,350.8575171,209.9832271,3.372952268,2317.714973,10016.59318,13402.96036,0,0,0,0,0,655425.5607
4/20/2008,76418679.48,30004.83192,0.124384285,0.281640922,0.082265858,0.116660454,2.351533427,0.836545189,0.9954958,0.904951701,0.987509329,2.764492982,2.753667831,3.18309083,18630.19151,10374.39915,2043.801584,0.188445114,0.115730863,0.023188595,0.144699137,0.220719462,0.103189598,0.232623781,5.774852122,357.2533025,210.3301172,3.385609782,2321.944664,10045.40449,13409.82356,0,0,0,0,0,-2941403.441
4/27/2008,73827671.08,29773.26306,0.106982045,0.3025865,0.070098895,0.108807377,2.373080585,0.790234075,0.98841431,0.895397491,0.987986705,2.766267637,2.800921771,3.170868531,18549.88809,10452.59717,2050.322054,0.18583832,0.143396304,0.024469086,0.12209471,0.196750547,0.111664189,0.227306334,5.775696815,363.78975,210.6923448,3.399172946,2326.711068,10070.20401,13415.92148,0,0,0,0,0,-1739850.873
5/4/2008,79636321.26,29918.18408,0.131401613,0.291664719,0.091123073,0.116065632,2.397250534,0.860514643,0.995555401,0.90359344,0.988880642,2.77542417,2.814769416,3.179004028,18707.95557,10834.03293,2051.355766,0.161977187,0.145598113,0.048675954,0.136811513,0.20637591,0.117102268,0.22698536,5.781147104,370.4047222,211.0707742,3.413521792,2332.043775,10089.76776,13420.95259,0,0,0,0,0,3606213.225
5/11/2008,79858694.81,29841.77018,0.115832135,0.300001694,0.070921778,0.121248972,2.408446311,0.837337473,0.995778844,0.886914768,0.986209056,2.79390396,2.799703605,3.126350547,18725.16284,10888.87749,2017.993575,0.188811864,0.176451292,0.03197175,0.145916662,0.217116055,0.11207229,0.217989143,5.791887685,377.0360821,211.4662652,3.428536319,2337.972258,10102.87652,13424.61654,0,0,0,0,0,2941187.721
5/18/2008,79683142.47,29636.94541,0.120440534,0.307840711,0.076996533,0.123524332,2.408132904,0.83463402,0.99550435,0.902000676,0.984681036,2.76125572,2.827074705,3.194466697,18644.82426,10676.57014,1991.481901,0.177342782,0.150519366,0.024593398,0.141476573,0.201771255,0.122787545,0.216787135,5.808603617,383.6216286,211.8796792,3.44409665,2344.52583,10108.30694,13426.61179,0,0,0,0,0,2620705.779
5/25/2008,89131164.38,29761.45339,0.153238322,0.319832582,0.088825701,0.115353931,2.483960812,0.872618231,0.995610826,0.919270945,0.985344143,2.749307304,2.869296447,3.369102029,18852.29891,11075.62908,1978.056953,0.169376874,0.147085657,0.026339083,0.112412611,0.169760261,0.126577568,0.224078309,5.831765956,390.0861936,212.3111981,3.460101767,2351.692585,10105.17845,13426.70134,0,0,1,0,0,13573799.07
6/1/2008,79915821.25,29461.81345,0.115871894,0.328085508,0.081974078,0.126215504,2.432943788,0.822763439,0.996555127,0.883306854,0.988459592,2.774703628,2.850451706,3.26707511,18500.38873,10879.60666,1960.250682,0.188261523,0.156366165,0.036404045,0.136789284,0.22376455,0.135828926,0.217240896,5.860938317,396.2994986,212.7581472,3.476530897,2359.282112,10094.066,13424.92013,0,0,0,0,0,3368305.705
6/8/2008,82680408.23,29600.62386,0.126774318,0.307894816,0.081037137,0.107380388,2.398059365,0.836557412,0.995726737,0.907711172,0.987482121,2.773242156,2.822830703,3.205111409,18683.35148,10847.64161,1983.105778,0.186998226,0.12463453,0.030893967,0.132441366,0.210589216,0.11650625,0.228243053,5.895276876,402.10608,213.2165416,3.493399935,2367.024615,10076.1997,13421.42604,0,0,0,0,0,4170845.156
6/15/2008,81832562.69,29437.79984,0.119877391,0.316608591,0.075477536,0.101371617,2.443060916,0.805112428,0.995778444,0.869099511,0.979784738,2.789395603,2.85548381,3.180075269,18556.53394,10865.61273,1961.908343,0.186134632,0.108343804,0.025784793,0.124481724,0.204611627,0.113963656,0.235179382,5.933918649,407.3498055,213.6823565,3.510725749,2374.647045,10052.83243,13416.38095,0,0,0,0,0,4530928.627
6/22/2008,78301068.75,29291.27076,0.128389215,0.307514406,0.073179224,0.103848067,2.45294135,0.847353585,0.996269085,0.91032237,0.981539816,2.795773626,2.830091391,3.205741446,18569.69939,10766.3404,1942.450195,0.183923558,0.125423627,0.014973156,0.132671361,0.206468682,0.125364843,0.219005876,5.976009243,411.8745428,214.1515826,3.528525209,2381.876808,10025.21502,13409.9465,0,0,0,0,0,2117155.452
6/29/2008,79671013.83,29198.46981,0.152892165,0.302370937,0.075865567,0.121057123,2.485953531,0.842823819,0.995775402,0.853309224,0.978889057,2.788283037,2.857893755,3.210183393,18679.52895,10787.03346,1929.33222,0.190703902,0.142670029,0.047229207,0.120123514,0.177127391,0.13878628,0.211196967,6.020687561,415.5241596,214.6201886,3.546815181,2388.440856,9994.600366,13402.28456,0,0,0,0,0,8282527.768
7/6/2008,96586962.53,29490.43387,0.202775465,0.285351068,0.092417482,0.110002734,2.583257573,0.906176008,0.995681967,0.935803604,0.980509613,2.782658184,2.907067337,3.241090186,18946.91007,11494.55667,1913.422189,0.188131473,0.129644844,0.008592466,0.103374858,0.173209294,0.13521007,0.206641983,6.067095401,418.1425235,215.0841651,3.565612535,2394.0672,9962.236522,13393.55638,0,0,0,0,1,16182642.89
7/13/2008,76802411.48,28970.15773,0.115750942,0.322983853,0.071573286,0.106546389,2.448093726,0.816883632,0.994727003,0.879728008,0.984992936,2.795256135,2.831619758,3.157090395,18642.67068,10776.01429,1924.945808,0.195017311,0.127240999,0.047364606,0.148037063,0.243684523,0.129319469,0.239750663,6.114374538,419.5735021,215.5394807,3.584934139,2398.482338,9929.378468,13383.92413,0,0,0,0,0,146785.1642
7/20/2008,75106651.91,28908.96061,0.125166811,0.30875178,0.068562275,0.101460307,2.486880064,0.843068047,0.996437978,0.894080689,0.980242671,2.808038536,2.852616108,3.258210288,18529.14251,10641.5629,1904.230524,0.190104636,0.119073581,0.014638746,0.125943482,0.206760159,0.117676849,0.220496595,6.161666766,419.6609632,215.9821263,3.604796863,2401.41428,9897.274246,13373.54906,0,0,0,0,0,-1283059.933
7/27/2008,74020382.61,28850.31525,0.123379281,0.299523771,0.072760703,0.108877224,2.478051001,0.821191192,0.996308328,0.901862394,0.98274495,2.809501715,2.845931035,3.232408083,18379.76728,10569.17121,1889.384062,0.196934298,0.123480239,0.051689319,0.135795847,0.204210705,0.124602756,0.209751315,6.208112902,418.2487742,216.408077,3.625217572,2402.589524,9867.178848,13362.59332,0,0,0,0,0,-1720359.135
8/3/2008,76292211.66,28936.50522,0.145795657,0.282938985,0.077539431,0.099979439,2.486584655,0.844725495,0.995285282,0.894425357,0.982013843,2.806883448,2.898302148,3.323078555,18570.83954,10646.79452,1893.062377,0.177327471,0.109272069,0.012504077,0.122852079,0.198243699,0.125931339,0.242223494,6.252854733,415.1808031,216.8133146,3.646213138,2401.736083,9840.340308,13351.21817,0,0,0,0,0,823834.5736
8/10/2008,78581884.99,29014.89221,0.127834312,0.296980777,0.083199166,0.102968761,2.484598588,0.829119827,0.992675116,0.897244074,0.983668267,2.795009735,2.851597434,3.165966297,18792.88858,10715.98758,1897.276129,0.190473254,0.120234081,0.053302152,0.126752837,0.193477106,0.114285891,0.238237109,6.295033091,410.3009172,217.1938145,3.667800427,2398.580907,9818.011538,13339.5855,0,0,0,0,0,1969532.437
8/17/2008,76553147.02,29145.23488,0.12956173,0.294148777,0.082599436,0.099380026,2.503164636,0.850078387,0.995165519,0.891758809,0.983679778,2.820545917,2.852790262,3.209796175,18961.97793,10679.27372,1906.80286,0.179864547,0.114450587,0.026509075,0.144363191,0.217453366,0.112453274,0.2280483,6.333790417,403.4531117,217.5455703,3.689996341,2392.851402,9801.443342,13327.85691,0,0,0,0,0,-741975.0426
8/24/2008,74331616.67,28970.7339,0.121103691,0.303724216,0.075775794,0.112446411,2.507199506,0.816011647,0.995138038,0.888901439,0.9827811,2.831757177,2.850453939,3.239912255,18825.72143,10469.67384,1891.205614,0.178494027,0.146987985,0.043794591,0.153743921,0.228611936,0.115393018,0.233440673,6.368402202,394.5329246,217.865136,3.712830431,2384.35228,9791.646228,13316.16601,0,0,0,0,0,-2601499.207
8/31/2008,84191647.04,29182.77533,0.206223707,0.266509687,0.104044508,0.103694023,2.576564532,0.906064155,0.995028749,0.921267508,0.979833373,2.825642043,2.913992086,3.292137413,19111.63284,10744.92866,1897.890546,0.176498918,0.147670912,0.028049891,0.12977079,0.180543811,0.121635434,0.209645273,6.398824329,383.6974755,218.1520678,3.73639649,2373.275461,9788.421995,13304.50522,0,0,0,1,0,4207107.301
9/7/2008,80218290.04,29423.51226,0.133050276,0.305362471,0.081693197,0.127373967,2.514600059,0.825353308,0.991872023,0.923601255,0.985816089,2.850648637,2.88499886,3.209628098,19271.35853,10809.8581,1918.191134,0.1878346,0.170499539,0.029170662,0.145498854,0.221235935,0.145921609,0.22225763,6.425378175,371.2439438,218.4075096,3.760822678,2360.023443,9790.918218,13292.79071,0,0,0,1,0,3618277.567
9/14/2008,75510518.67,29358.51807,0.103479108,0.316249797,0.072185113,0.118347415,2.492089481,0.808796077,0.994553073,0.898138318,0.985981206,2.852752503,2.825126588,3.338284897,19105.29522,10617.43835,1925.182156,0.196401897,0.155954033,0.034729701,0.144424273,0.217491676,0.136550667,0.237536866,6.44839542,357.4744795,218.6326582,3.786238405,2345.003832,9798.264313,13280.93642,0,0,0,0,0,-2239710.22
9/21/2008,71204296.63,29275.29191,0.103638251,0.303590989,0.064128123,0.123460724,2.498337305,0.788426987,0.992700719,0.875374173,0.98675861,2.850047143,2.844219307,3.243220898,18879.17783,10403.28915,1898.942521,0.18222451,0.134307026,0.040597212,0.145686936,0.222689237,0.189265507,0.222478151,6.468211078,342.6912328,218.828715,3.812773049,2328.626501,9809.584855,13268.85582,0,0,0,0,0,-5569618.739
9/28/2008,71335225.55,29313.63222,0.137683953,0.278529146,0.082400972,0.103227594,2.487112121,0.861180299,0.995431296,0.922572745,0.986847234,2.850509125,2.849763664,3.246586012,18824.35209,10354.82593,1891.92974,0.183961326,0.130043996,0.034671025,0.130910199,0.184451364,0.157397946,0.225172284,6.485156841,327.1963538,218.9968794,3.840556022,2311.29906,9824.009256,13256.46288,0,0,0,0,0,-5801546.276
10/5/2008,74510318.21,29492.17537,0.126436334,0.292027647,0.085728759,0.105111432,2.479417272,0.861824822,0.997246924,0.913451504,0.983463799,2.834803558,2.833823308,3.204604748,18974.99228,10417.14793,1903.800202,0.170275339,0.119601337,0.016410399,0.144112267,0.225150611,0.134897304,0.223827394,6.499567718,311.2919923,219.1383528,3.8697167,2293.430699,9840.663546,13243.6712,0,0,0,0,0,-697128.183
10/12/2008,73862655.09,29621.8185,0.122286241,0.294459567,0.080104928,0.104696729,2.50281417,0.835946554,0.99664833,0.895121244,0.985604494,2.837809618,2.835010376,3.177358611,19036.95159,10506.11015,1895.509025,0.187829576,0.121632136,0.021614992,0.145117242,0.231623198,0.138295802,0.217340476,6.511775395,295.2802986,219.2543319,3.900384495,2275.429933,9858.6752,13230.39454,0,0,0,0,0,-2388111.675
10/19/2008,71168518.42,29391.96606,0.107299021,0.296274389,0.06947223,0.118610558,2.510769302,0.80905961,0.996188717,0.900253114,0.985389808,2.853940443,2.821691014,3.23573894,18940.31407,10430.43614,1869.870129,0.18937898,0.124025756,0.027927624,0.161993944,0.236104435,0.156995245,0.220238648,6.522114151,279.4634227,219.3460202,3.932688784,2257.705958,9877.170241,13216.54652,0,0,0,0,0,-4535527.657
10/26/2008,70596959.41,29045.72982,0.131257672,0.283917723,0.082143856,0.10620469,2.530551168,0.851376531,0.995658626,0.915531323,0.982522139,2.839622945,2.787758091,3.271011175,18818.13231,10374.33055,1839.360003,0.174364838,0.124980676,0.018645588,0.148442647,0.205585278,0.123810002,0.230532559,6.530917145,264.1435146,219.4146143,3.966758979,2240.666379,9895.278092,13202.04108,0,0,0,0,0,-4139297.049
11/2/2008,73694041.38,28849.17869,0.162146117,0.266503377,0.089972243,0.108364336,2.578500588,0.854002127,0.994434434,0.911815657,0.980453657,2.860488127,2.854999117,3.299906682,18793.28115,10520.82759,1808.759699,0.174754413,0.134726917,0.037395368,0.16268736,0.219453221,0.113040916,0.200942021,6.538517549,249.6227244,219.4613178,4.002724456,2224.721071,9912.123322,13186.79171,0,0,0,0,0,-2828817.723
11/9/2008,70759667.46,29076.27386,0.100646294,0.29700585,0.065933103,0.1152212,2.528588269,0.795303428,0.995530438,0.872289147,0.984136785,2.840626639,2.854505487,3.229509009,19076.79598,10546.87691,1851.716696,0.174787493,0.130298051,0.022403519,0.159284403,0.224804904,0.120966448,0.231902059,6.545248522,236.2032022,219.4873272,4.040714628,2210.277637,9926.835345,13170.71235,0,0,0,0,0,-4340622.017
11/16/2008,69452801.52,29223.43051,0.088779756,0.289238695,0.065923148,0.110628425,2.519466465,0.776439211,0.996003358,0.869578929,0.981635339,2.846173116,2.890530513,3.208568022,19103.25608,10456.72592,1832.8885,0.174608055,0.136658345,0.033687852,0.145534458,0.217416175,0.117869608,0.231669939,6.551443463,224.1870906,219.493844,4.08085887,2197.745958,9938.538729,13153.71648,0,0,0,0,0,-4626401.037
11/23/2008,70612046.22,29515.22412,0.105781033,0.261479673,0.085027674,0.110487706,2.57358268,0.78891295,0.995174492,0.883282913,0.984040835,2.865674465,2.97354403,3.271908013,19325.95041,10539.78584,1792.029235,0.167132187,0.139843142,0.006015397,0.120527703,0.176146099,0.112695829,0.238766983,6.557400132,213.8466888,219.4820255,4.123257584,2187.487286,9946.46596,13135.74073,0,0,0,0,0,-6621028.856
11/30/2008,67181049.23,29412.27923,0.099676852,0.258080411,0.085148783,0.101805866,2.600916757,0.784174949,0.995405919,0.869948311,0.983367907,2.885547993,2.991477846,3.265927478,18955.05953,10568.12113,1665.256039,0.177716633,0.130948414,0.010976263,0.127847714,0.210368401,0.103393973,0.254677533,6.563150595,205.2343156,219.4527161,4.167797628,2179.523378,9950.604582,13116.88842,0,0,0,0,0,-7540372.718
12/7/2008,72647419.06,30061.03273,0.107437729,0.235910682,0.106410705,0.109859654,2.546433366,0.833573833,0.994179191,0.90839458,0.988837263,2.814016269,2.889218134,3.221242671,19167.26283,10312.81815,1765.179801,0.166242399,0.137990443,0.033363759,0.164505504,0.238935121,0.109685757,0.247829955,6.568533807,198.2412095,219.406529,4.21420939,2173.625458,9951.499156,13097.38535,0,0,0,0,0,-2823420.512
12/14/2008,73662631.68,30227.22958,0.084265815,0.249286108,0.086487436,0.125277992,2.575302079,0.771783957,0.996141899,0.864808555,0.98708134,2.83301967,2.926201507,3.211083519,19314.58029,10526.99231,1720.219279,0.172413627,0.152466207,0.020814021,0.151766289,0.251645767,0.107963791,0.235541188,6.573377198,192.7491546,219.3440671,4.262214159,2169.549863,9949.727409,13077.46476,0,0,0,0,0,-194454.5015
12/21/2008,80465099.52,30205.79982,0.099171499,0.247674486,0.101270525,0.12251211,2.671832854,0.853426751,0.994980208,0.922466937,0.987402544,2.882651682,3.009962795,3.285373962,19587.66222,11097.72953,1636.438248,0.169127348,0.145410186,0.016633383,0.113710786,0.200221399,0.100482655,0.230345543,6.577508206,188.6399351,219.26593,4.311533144,2167.053874,9945.864831,13057.35904,0,0,0,0,0,4649955.159
12/28/2008,76640657.59,28546.45665,0.115547063,0.257542891,0.112447802,0.121028586,2.749752297,0.76256729,0.993765295,0.835760375,0.987012849,2.885331896,3.026131915,3.293508079,18506.56553,11147.20147,1454.503861,0.168104438,0.149582747,0.008823588,0.106723085,0.215593604,0.109972875,0.259013804,6.580753687,185.7953351,219.1727206,4.361887634,2165.893426,9940.490108,13037.30183,1,0,0,0,0,742475.2723
1/4/2009,82974605.07,29173.18419,0.144376577,0.258162029,0.119010332,0.113765526,2.691255535,0.864791755,0.99411419,0.928044048,0.988825209,2.874910857,2.932595326,3.314911247,19113.78103,11570.22459,1752.058855,0.194433892,0.140238834,0.019233307,0.120001884,0.230584756,0.116953804,0.250883563,6.582941843,184.0971388,219.0650385,4.412998837,2165.825799,9934.178732,13017.52549,1,0,0,0,0,2255976.021
1/11/2009,73093694.78,28965.23467,0.120767889,0.280595673,0.080822547,0.117603975,2.573611536,0.808584971,0.995665772,0.874914352,0.991034006,2.854995248,2.814534708,3.278313389,19113.62691,10838.18826,1909.918281,0.19981789,0.145797466,0.037674343,0.15451491,0.269111637,0.123531412,0.277969579,6.58389915,183.4271303,218.9434857,4.464588043,2166.606923,9927.50939,12998.26368,0,0,0,0,0,-2716748.925
1/18/2009,74503423.55,28639.62907,0.130887017,0.286171905,0.085518152,0.113651792,2.595300152,0.836758938,0.995699108,0.890335261,0.9847852,2.854140794,2.820588131,3.298002383,18909.25729,10719.71997,1891.290222,0.20056093,0.134210325,0.021610321,0.146981618,0.240036415,0.128922435,0.242666748,6.583453809,183.6670939,218.8086629,4.516376461,2167.994083,9921.057568,12979.74876,0,0,0,0,0,-2154798.685
1/25/2009,73897335.09,28430.98723,0.152469348,0.281926515,0.100673235,0.116745255,2.583385728,0.865888188,0.995230241,0.897129629,0.986834863,2.843971909,2.837145803,3.324299434,18594.08272,10634.68577,1889.627017,0.198182903,0.158696832,0.063341026,0.150821461,0.241100987,0.129073131,0.267690307,6.581432296,184.6988136,218.6611722,4.568085378,2169.743615,9915.400992,12962.214,0,0,0,0,0,-3043353.389
2/1/2009,90892335.72,28738.43626,0.246100342,0.24251207,0.130751617,0.102249522,2.708912985,0.924955636,0.99252174,0.941667103,0.986651178,2.870246626,2.927507051,3.343004241,19049.55537,11516.00283,1881.727306,0.188357345,0.154024453,0.079804913,0.108382276,0.174039728,0.142310591,0.23591239,6.57766281,186.4040737,218.5016132,4.619436005,2171.612261,9911.116439,12945.89227,0,1,0,0,0,14350617.09
2/8/2009,78505964.1,28482.85681,0.13164531,0.2997987,0.080412151,0.134567734,2.60211371,0.80672547,0.995063258,0.887157701,0.988072512,2.875459749,2.904610905,3.28590168,18760.17792,11018.04658,1884.745252,0.217924296,0.188268666,0.033746392,0.134192633,0.23929697,0.122384008,0.272931646,6.571972212,188.6646582,218.3305886,4.670149629,2173.356358,9908.781631,12931.01684,0,0,0,0,0,355810.9298
2/15/2009,72837032.83,28273.82587,0.095229053,0.311465912,0.063776043,0.12840071,2.558073664,0.806435991,0.994495826,0.858487792,0.989888989,2.862574696,2.898596666,3.278522624,18437.67318,10422.60403,1856.440274,0.203870381,0.132803875,0.021928685,0.130073676,0.250459341,0.123711927,0.28273566,6.564187203,191.3623528,218.148698,4.719947469,2174.733095,9908.972319,12917.82016,0,0,0,0,0,-5545431.94
2/22/2009,72010178.29,28327.15954,0.127313892,0.284626305,0.069191974,0.122648598,2.586041943,0.856679144,0.994648373,0.904254403,0.988456875,2.852705896,2.90441935,3.292527019,18488.00813,10418.54037,1853.71661,0.196842583,0.130426287,0.035154533,0.124225929,0.239968694,0.120846251,0.278423989,6.554202747,194.3846232,217.9565948,4.768568784,2175.525598,9912.188859,12906.51222,0,0,0,0,0,-5327007.786
3/1/2009,72848037.36,28725.19512,0.112514517,0.294042117,0.065354095,0.119257916,2.556528545,0.835308704,0.996203496,0.87542832,0.99152041,2.849945346,2.92772677,3.239359059,18670.12964,10450.56939,1870.531449,0.188091717,0.123827127,0.041551516,0.129002431,0.227250088,0.132934456,0.25632229,6.542387708,197.660805,217.7552934,4.815885357,2175.71463,9918.36288,12897.13092,0,0,0,0,0,-3571661.153
3/8/2009,75278595.59,29022.97723,0.110757784,0.297283743,0.06765277,0.117924647,2.580735354,0.839368974,0.996116402,0.871606203,0.989593448,2.852775551,2.932484481,3.274783913,18771.71014,10541.45214,1881.866035,0.188948868,0.138257328,0.025794609,0.142202233,0.226923558,0.137328427,0.233925776,6.529466113,201.1508925,217.5460809,4.861866052,2175.426104,9927.007153,12889.58798,0,0,0,0,0,-1130943.508
3/15/2009,76633859.51,29105.44672,0.138339618,0.278071254,0.080848603,0.122483988,2.625991641,0.854072601,0.995863793,0.912731376,0.989156952,2.855266018,2.960841746,3.281146661,18756.5999,10499.4523,1869.071081,0.189316512,0.132617874,0.034649737,0.141512741,0.201400477,0.137830648,0.252915823,6.516180976,204.8166799,217.3302581,4.906485417,2174.793675,9937.612833,12883.78827,0,0,0,0,0,-1488601.569
3/22/2009,74796785.69,29214.18763,0.133058364,0.283056384,0.073576134,0.113253718,2.597103742,0.83280535,0.995548419,0.884920403,0.989983314,2.858474063,2.948592437,3.328994136,18555.87072,10410.25334,1835.814193,0.186716472,0.133950195,0.019432331,0.147839468,0.210568907,0.131795421,0.228058605,6.503276166,208.6199611,217.1091279,4.949718013,2173.951518,9949.669098,12879.63629,0,0,0,0,0,-2377720.361
3/29/2009,71652986.32,29500.1137,0.103712934,0.287324983,0.068065726,0.112624192,2.575892751,0.780104932,0.995822678,0.861986517,0.988990807,2.858758767,2.961912882,3.337346508,18539.76,10479.87698,1849.445305,0.187554582,0.12956105,0.049903599,0.143816223,0.205705654,0.12080819,0.237062871,6.491494697,212.52253,216.883988,4.99153839,2173.033586,9962.665967,12877.0367,0,0,0,0,0,-4109549.906
4/5/2009,77527069.56,30156.66825,0.121378444,0.270085615,0.083312053,0.112913905,2.588577174,0.837512417,0.995872306,0.886555958,0.990025987,2.86022418,2.9541383,3.334599122,18615.16286,10624.55923,1868.668474,0.193833839,0.141809796,0.025182968,0.144969961,0.217918144,0.116828746,0.235564394,6.481579601,216.4861807,216.6561437,5.031921105,2172.174056,9976.092611,12875.89399,0,0,0,0,0,1669913.55
4/12/2009,81486147.17,30336.1522,0.131728901,0.261592169,0.082460642,0.116459849,2.62562587,0.848306813,0.995107811,0.916990509,0.989892174,2.877309958,2.982443046,3.221035559,18740.38349,10814.80472,1831.952617,0.187761412,0.134601857,0.011607573,0.12041809,0.181636926,0.109010543,0.237029082,6.474273908,220.4727071,216.4268927,5.070840711,2171.50658,9989.440188,12876.11303,0,0,0,0,0,655425.5607
4/19/2009,72056199.78,29849.63702,0.099832971,0.282234499,0.076139513,0.120040656,2.577680502,0.828469369,0.995502977,0.882186101,0.99235392,2.853695835,2.969016639,3.231585356,18212.09154,10474.81343,1819.641893,0.187517624,0.148812886,0.036163228,0.163172981,0.238813868,0.100157106,0.240704052,6.470323115,224.4439033,216.1975401,5.108271766,2171.165559,10002.19703,12877.59815,0,0,0,0,0,-2941403.441
4/26/2009,74237727.74,29796.82456,0.106868207,0.279435793,0.073556194,0.118856875,2.569448134,0.833358442,0.995665374,0.903894586,0.99133893,2.837426372,2.920945873,3.27558528,18217.95384,10506.55773,1835.007251,0.184946789,0.146160741,0.021068062,0.134443879,0.20403473,0.107034217,0.236942752,6.470466951,228.3615631,215.9693839,5.144188821,2171.284647,10013.85427,12880.25424,0,0,0,0,0,-1739850.873
5/3/2009,78139872.94,29790.32181,0.141341722,0.273070443,0.085944471,0.121253387,2.602266987,0.829108047,0.995005567,0.919810914,0.991549106,2.876482222,2.937510416,3.242880277,18347.33545,10824.70024,1850.094296,0.185389008,0.15151481,0.040690122,0.153844532,0.207332088,0.134662332,0.250604759,6.475452573,232.1874807,215.7437269,5.178566433,2171.998243,10023.90025,12883.98562,0,0,0,0,0,3606213.225
5/10/2009,80376053.91,29788.10384,0.121810856,0.294666867,0.071753895,0.132230266,2.615798425,0.825106092,0.99524913,0.886766827,0.99259537,2.880338925,2.967009959,3.215041697,18506.75604,10985.03487,1851.194025,0.206065336,0.188412785,0.031672172,0.163616633,0.2176779,0.162895858,0.22617246,6.486019702,235.8834499,215.5218698,5.211379155,2173.440003,10031.82612,12888.69716,0,0,0,0,0,2941187.721
5/17/2009,79388943.54,29506.68102,0.134287378,0.296242243,0.079238682,0.1341857,2.607486871,0.853345603,0.995411072,0.91488808,0.990492956,2.874530157,2.973951627,3.274784057,18407.47004,10685.76822,1829.461833,0.202517673,0.15129854,0.015348942,0.168365768,0.205610285,0.180831988,0.220194666,6.502915189,239.4112677,215.3051157,5.242601545,2175.744047,10037.12122,12894.29337,0,0,0,0,0,2620705.779
5/24/2009,89294914.07,29533.11203,0.217767404,0.262053154,0.092956891,0.111601411,2.730813008,0.897348505,0.994930524,0.935926798,0.98850073,2.840476949,3.010753375,3.429505332,18478.23564,11030.40281,1809.453153,0.193800506,0.147110138,0.048256658,0.142028848,0.163678122,0.173487301,0.23548003,6.526722195,242.7357539,215.0947667,5.27221028,2179.01891,10039.3528,12900.68084,0,0,1,0,0,13573799.07
5/31/2009,78187184.38,29182.11093,0.128470994,0.312683222,0.079777252,0.136758101,2.648945887,0.821617144,0.995081279,0.907708346,0.988211794,2.868577379,2.951824405,3.325113885,18133.86947,10799.22802,1790.379465,0.196734579,0.149795201,0.019705604,0.163986269,0.223974628,0.169453025,0.218803242,6.557068295,245.8401577,214.8921595,5.300194962,2183.216929,10038.56259,12907.77802,0,0,0,0,0,3368305.705
6/7/2009,79584758.36,29453.61919,0.122703293,0.310656937,0.067237151,0.122442368,2.611717936,0.856198433,0.995141652,0.872340345,0.988776919,2.867418105,2.939934946,3.254015508,18390.94358,10823.10505,1820.215188,0.197768175,0.154935722,0.037732783,0.154811646,0.213270927,0.140564253,0.217612508,6.592978999,248.7192727,214.6986401,5.326553291,2188.193567,10035.08707,12915.51108,0,0,0,0,0,4170845.156
6/14/2009,81304566.2,29475.98711,0.137187567,0.305802386,0.073864543,0.113482167,2.62443843,0.839557427,0.994476625,0.890450337,0.988208004,2.864288714,2.950172537,3.286982728,18366.30285,10791.28207,1788.762463,0.2014326,0.143953016,0.02871482,0.142342229,0.220185765,0.140899205,0.237265764,6.633452907,251.3684249,214.5155628,5.35128334,2193.798927,10029.27844,12923.80614,0,0,0,0,0,4530928.627
6/21/2009,79763765.73,29379.47206,0.139042809,0.308475957,0.076633988,0.120817092,2.617311617,0.837494349,0.993369314,0.894849674,0.985669105,2.838124927,2.957490389,3.381949754,18223.81731,10744.88615,1753.629195,0.192144453,0.13666827,0.017782571,0.149106662,0.205931081,0.124744984,0.228145272,6.67748861,253.7829404,214.3442746,5.374383183,2199.883937,10021.48698,12932.58973,0,0,0,0,0,2117155.452
6/28/2009,78153265.02,29183.063,0.166154694,0.29665071,0.081536037,0.125268171,2.66067137,0.881066433,0.994692953,0.917785189,0.982581099,2.850589886,2.952293493,3.36216098,18035.20169,10653.80759,1718.616198,0.204956066,0.16990544,0.037443868,0.151653212,0.205962582,0.127313786,0.225579711,6.724083592,255.9581452,214.1861275,5.395850892,2206.298694,10012.06488,12941.78799,0,0,0,0,0,8282527.768
7/5/2009,99816643.07,29662.20251,0.252804291,0.26565678,0.102674967,0.106118892,2.776266987,0.90301886,0.994125944,0.932292508,0.988525282,2.835203664,2.967825275,3.329607629,18521.40642,11342.84286,1720.553598,0.19260075,0.156485366,0.047081453,0.125982838,0.167104855,0.153284784,0.19968323,6.772236434,257.8893655,214.0424713,5.415684541,2212.894131,10001.36242,12951.32743,0,0,0,0,1,16182642.89
7/12/2009,78614185.22,29413.0629,0.12480279,0.328195717,0.074976297,0.128209725,2.631376896,0.833875443,0.994730994,0.888424743,0.989684931,2.856976704,2.940877853,3.298007052,18371.19044,10889.84813,1758.294551,0.207514957,0.149279269,0.045629292,0.157793814,0.231859872,0.151073861,0.221439778,6.820944631,259.5719273,213.9146581,5.433882203,2219.520596,9989.731216,12961.13431,0,0,0,0,0,146785.1642
7/19/2009,76458246.5,29298.99952,0.128321295,0.313861089,0.070942208,0.117210884,2.619939638,0.823026521,0.994639467,0.887544403,0.987981056,2.862589839,2.919816474,3.305655412,18256.31097,10711.98308,1764.360421,0.20217742,0.140092292,0.065577495,0.143439672,0.204748857,0.140181169,0.22437604,6.869206763,261.0011567,213.8040349,5.450441951,2226.028686,9977.522314,12971.13498,0,0,0,0,0,-1283059.933
7/26/2009,75568231.73,29240.25029,0.131930808,0.311399735,0.074414046,0.113589906,2.616201944,0.849633919,0.993591039,0.920598851,0.984206927,2.863846852,2.887176412,3.335259249,18171.97869,10615.57536,1740.07519,0.193810701,0.127103768,0.016791746,0.14624505,0.21836773,0.136975073,0.231205375,6.91602143,262.1723797,213.7119559,5.465361859,2232.268748,9965.08734,12981.25571,0,0,0,0,0,-1720359.135
8/2/2009,76577809.14,29265.1625,0.144882682,0.301421766,0.071837825,0.121423789,2.633918779,0.857542089,0.994485368,0.895549315,0.984366002,2.848778399,2.951019766,3.289938519,18241.42767,10614.5485,1732.79839,0.19408843,0.102042036,0.036009027,0.13340302,0.20899998,0.102490876,0.243512053,6.960387219,263.0809224,213.6397679,5.478639998,2238.091714,9952.776552,12991.42301,0,0,0,0,0,823834.5736
8/9/2009,80842651.23,29492.86535,0.149041993,0.302883726,0.075915824,0.114339107,2.636889553,0.841019672,0.995073019,0.905704581,0.985802812,2.864812111,2.899400466,3.305021146,18480.33139,10729.96812,1739.192712,0.200075904,0.108714406,0.025942683,0.11814149,0.197683083,0.097442019,0.238651247,7.0012994,263.7221108,213.5888254,5.490274444,2243.347682,9940.942166,13001.563,0,0,0,0,0,1969532.437
8/16/2009,78456925.34,29409.60476,0.122799955,0.317197404,0.065067291,0.122795016,2.637574864,0.834845664,0.994803717,0.887573059,0.989163297,2.865190474,2.911392075,3.244216937,18405.25973,10649.08588,1729.774801,0.192329695,0.11130036,0.047241091,0.131278659,0.199730218,0.093410705,0.221879443,7.037761051,264.0912717,213.560475,5.500263275,2247.887526,9929.934547,13011.60222,0,0,0,0,0,-741975.0426
8/23/2009,75787340.14,29242.16136,0.129483796,0.316821926,0.078291663,0.116602453,2.632864851,0.858329155,0.994602858,0.91420823,0.988842255,2.880147201,2.918938902,3.297362749,18354.51621,10464.98457,1732.937676,0.172118745,0.116221864,0.017376631,0.15933412,0.227296406,0.113215104,0.23096363,7.068871061,264.1864689,213.555798,5.508617677,2251.578043,9920.074225,13021.47028,0,0,0,0,0,-2601499.207
8/30/2009,74235638.3,29179.33905,0.13890328,0.317229315,0.067410697,0.12284199,2.637271815,0.818715171,0.994930086,0.895244545,0.98621581,2.873163753,2.951691049,3.28347833,18408.38963,10352.93994,1727.014426,0.182040243,0.138010572,0.041166434,0.152394149,0.210544981,0.131549301,0.206982294,7.094508884,264.0259406,213.5738759,5.515445596,2254.407534,9911.450795,13031.12261,0,0,0,0,0,4207107.301
9/6/2009,88881114.2,29687.63379,0.23003579,0.270344872,0.091102473,0.105071927,2.729632549,0.912630876,0.994790883,0.938946884,0.988427831,2.837372468,2.965649633,3.302159982,18971.19936,10862.76136,1749.410245,0.180500807,0.144245162,0.007145322,0.133535203,0.172814788,0.122933074,0.212102918,7.115121602,263.642698,213.6123241,5.520925758,2256.453106,9903.985608,13040.53309,0,0,0,1,0,3618277.567
9/13/2009,78788011.26,29498.69411,0.122380167,0.330752166,0.077035392,0.127536754,2.643389587,0.837766421,0.99448332,0.908452577,0.99005578,2.858101088,2.91432315,3.23755389,18830.49677,10743.88458,1747.851023,0.199055767,0.159347801,0.051374766,0.158778348,0.220106791,0.128583064,0.220561471,7.131185625,263.0706193,213.6686818,5.525241095,2257.797004,9897.590153,13049.6768,0,0,0,0,0,-2239710.22
9/20/2009,73336379.91,29381.74797,0.117412607,0.317850043,0.059123329,0.120803964,2.593956028,0.787868977,0.994350027,0.844019619,0.986427379,2.870052784,2.949757813,3.424686945,18685.5133,10469.31915,1742.167491,0.19692378,0.143152788,0.02779456,0.141508512,0.189659497,0.137240904,0.203784809,7.143181096,262.3435827,213.7404746,5.528574491,2258.52161,9892.175769,13058.52875,0,0,0,0,0,-5569618.739
9/27/2009,71201900.2,29393.35932,0.106322675,0.312846906,0.061498042,0.122765979,2.560918441,0.810098782,0.99487122,0.883053597,0.99059103,2.865856004,2.936555408,3.353683517,18496.3049,10279.41051,1717.922816,0.196396234,0.137043812,0.047899445,0.151393338,0.207985314,0.139576134,0.234352054,7.151586549,261.4954664,213.8252415,5.531108878,2258.708985,9887.654139,13067.06405,0,0,0,0,0,-5801546.276
10/4/2009,77084330.89,30063.34717,0.132997793,0.285157511,0.091639826,0.110525793,2.573037528,0.870389381,0.993503838,0.929464478,0.989586642,2.850355989,2.926988106,3.284712337,18745.50524,10355.9328,1726.911757,0.186409952,0.121365434,0.048091627,0.13974228,0.202229478,0.165347052,0.228172991,7.156880534,260.5601486,213.9205081,5.533027139,2258.441651,9883.936455,13075.25769,0,0,0,0,0,-697128.183
10/11/2009,77633427.27,30549.79046,0.105924945,0.284226811,0.093013476,0.117310444,2.570105715,0.850172826,0.992847016,0.921361328,0.989703388,2.854780323,2.894163375,3.282360068,18895.51577,10506.8891,1736.136709,0.194807034,0.127625484,0.046128014,0.149498845,0.219252929,0.170879293,0.21246633,7.159541591,259.5715075,214.0238137,5.534512208,2257.801669,9880.934402,13083.08477,0,0,0,0,0,-2388111.675
10/18/2009,75159934.2,30242.96554,0.104745036,0.279045009,0.086671001,0.117871585,2.555294086,0.833676655,0.994241463,0.902515746,0.988463579,2.84887081,2.874530543,3.308734898,18735.40759,10431.46247,1711.975746,0.19925591,0.154845242,0.03319152,0.163820502,0.224861461,0.182375288,0.246040933,7.160048789,258.5634214,214.1326876,5.535746966,2256.871558,9878.559171,13090.52027,0,0,0,0,0,-4535527.657
10/25/2009,73545531.49,29685.53014,0.112284253,0.274619281,0.108094723,0.120321491,2.572898642,0.858216028,0.994081303,0.914972876,0.989859929,2.84976547,2.898731868,3.33659744,18496.00771,10313.6828,1677.312793,0.190162927,0.139888311,0.015692524,0.162684398,0.198124765,0.183898445,0.239250808,7.158880676,257.5697685,214.2446638,5.536914346,2255.733381,9876.722447,13097.5393,0,0,0,0,0,-4139297.049
11/1/2009,78069463.46,29245.58998,0.159800349,0.248811513,0.09417148,0.117139055,2.64204908,0.856631677,0.977682685,0.929586099,0.987620866,2.885188703,2.935398347,3.232593027,18435.59089,10430.55501,1629.46515,0.184988976,0.159913371,0.049604283,0.17098496,0.188738145,0.15190229,0.228614822,7.156516322,256.6244269,214.3572718,5.538197232,2254.46952,9875.335569,13104.11689,0,0,0,0,0,-2828817.723
11/8/2009,75524741.61,29549.43218,0.124238531,0.27324249,0.085701443,0.119696286,2.600827001,0.817995251,0.993780455,0.879380239,0.990532427,2.861507606,2.936754403,3.212013559,18941.42825,10574.10101,1674.988151,0.189611525,0.154915642,0.026852959,0.181608557,0.203664116,0.120381012,0.258782318,7.153434274,255.7612748,214.4680507,5.539778556,2253.16222,9874.310024,13110.22809,0,0,0,0,0,-4340622.017
11/15/2009,73991291.53,29409.94984,0.104045951,0.275483146,0.087806654,0.121746244,2.570034982,0.830145045,0.993085965,0.886947169,0.982330469,2.877798975,2.962998876,3.243323279,18964.36745,10508.18393,1675.878398,0.187527456,0.148501517,0.022390578,0.201110863,0.228223741,0.121886619,0.250698279,7.150113067,255.0141906,214.5745261,5.541841201,2251.893864,9873.557151,13115.84791,0,0,0,0,0,-4626401.037
11/22/2009,74688468.99,29207.90302,0.144599755,0.256277066,0.07807477,0.122433205,2.639587109,0.835961954,0.994300999,0.884717033,0.990403816,2.859538184,3.009403938,3.270174319,19145.16594,10568.75703,1622.577803,0.179720229,0.154222055,0.00873545,0.145116969,0.164033426,0.139805973,0.228035104,7.147008629,254.4155228,214.6743702,5.544558321,2250.742218,9872.992405,13120.95489,0,0,0,0,0,-6621028.856
11/29/2009,69643287.6,28549.84307,0.129275105,0.273304981,0.078650376,0.112065382,2.666649747,0.797422825,0.995035251,0.847179104,0.989341095,2.8706259,3.07774471,3.233824859,18616.02389,10540.98396,1496.234714,0.186757908,0.139468113,0.013872448,0.135659539,0.175230421,0.127638692,0.259703884,7.144324861,253.9807956,214.7667332,5.547995505,2249.737813,9872.572583,13125.56526,0,0,0,0,0,-7540372.718
12/6/2009,75607135.59,29077.34321,0.121554564,0.267102499,0.085059781,0.122449629,2.596777069,0.824967231,0.9921075,0.900303558,0.986995669,2.80333777,2.928553411,3.146675515,18812.40464,10371.17515,1616.796519,0.170452699,0.146516285,0.011128907,0.159182244,0.244265658,0.125554683,0.278082074,7.142013798,253.7087087,214.8522488,5.552110817,2248.863494,9872.296414,13129.73287,0,0,0,0,0,-2823420.512
12/13/2009,79774265.79,29183.78564,0.114398298,0.275080559,0.094338259,0.131644481,2.639806352,0.842400811,0.993788491,0.889557312,0.987297734,2.815894594,2.953110714,3.181362385,18877.76719,10548.83908,1561.625481,0.176381359,0.158593768,0.024068861,0.15219384,0.244891692,0.129004305,0.238303247,7.140003997,253.596432,214.9316875,5.556852555,2248.097717,9872.16638,13133.51529,0,0,0,0,0,-194454.5015
12/20/2009,82748066.61,29080.02234,0.144917319,0.264916706,0.081948144,0.130229509,2.716057882,0.863207785,0.993845049,0.894535683,0.985425507,2.851320961,3.049830764,3.19039858,19026.87513,10898.91225,1486.538283,0.185882635,0.173742088,0.018462986,0.119786881,0.195998135,0.142001294,0.235026587,7.13822473,253.6411359,215.005819,5.562169004,2247.41906,9872.184952,13136.96976,0,0,0,0,0,4649955.159
12/27/2009,83247893.52,28130.05541,0.17778705,0.257591029,0.093859907,0.123066813,2.802607999,0.854336615,0.994152533,0.900454729,0.987007022,2.845441102,3.064769789,3.20085168,18420.89404,11140.82353,1323.690469,0.181250633,0.151490957,0.007369624,0.09944894,0.198222235,0.115704498,0.243059173,7.136604558,253.8399902,215.0754137,5.568008461,2246.806016,9872.354609,13140.15376,1,0,0,0,0,742475.2723
1/3/2010,88232063.01,28858.94165,0.206818204,0.26046048,0.110626278,0.111241165,2.780859318,0.874577147,0.992334655,0.904945203,0.986546124,2.858964184,2.991746392,3.223546912,18789.46339,11579.87354,1546.273276,0.202754886,0.140053862,0.020390588,0.107154528,0.210119528,0.113020152,0.241604406,7.135072751,254.1901651,215.1412395,5.574319209,2246.237114,9872.677827,13143.12465,1,0,0,0,0,2255976.021
